Name;Subproject;Code flash;Code flash extended;Data flash;Primary local RAM;Retention RAM
Adc.obj;rb_ca_CoreAssets\rb_mcd_McDrivers\Adc\src;136;0;0;28;0
Adc_PBcfg.obj;rb_cfg_Config\rb_cfga_ConfigAutosar\rb_cfga_AutosarRom;44;0;0;0;0
Adc_Prv_6_LL.obj;rb_ca_CoreAssets\rb_mcd_McDrivers\Adc\src;418;0;0;4;0
Adc_SelfTest.obj;rb_ca_CoreAssets\rb_mcd_McDrivers\Adc\src;828;0;0;2;0
BswM.obj;rb_ca_CoreAssets\rb_sys_SystemServices\BswM\src;186;0;0;0;0
BswM_Appl.obj;rb_cfg_Config\rb_cfgd_ConfigDefinitions\rb_cfgc_ConfigCDG\EcuM;2;0;0;0;0
BswM_CanSM.obj;rb_ca_CoreAssets\rb_sys_SystemServices\BswM\src;164;0;0;0;0
BswM_Cfg_AC.obj;rb_cfg_Config\rb_cfga_ConfigAutosar\rb_cfga_AutosarRom;538;0;0;0;0
BswM_Cfg_LE.obj;rb_cfg_Config\rb_cfga_ConfigAutosar\rb_cfga_AutosarRom;544;0;0;0;0
BswM_Cfg_MRP.obj;rb_cfg_Config\rb_cfga_ConfigAutosar\rb_cfga_AutosarRom;0;0;0;140;0
BswM_Cfg_RL.obj;rb_cfg_Config\rb_cfga_ConfigAutosar\rb_cfga_AutosarRom;0;0;0;48;0
BswM_ComM.obj;rb_ca_CoreAssets\rb_sys_SystemServices\BswM\src;2;0;0;0;0
BswM_Dcm.obj;rb_ca_CoreAssets\rb_sys_SystemServices\BswM\src;196;0;0;0;0
BswM_Generic.obj;rb_ca_CoreAssets\rb_sys_SystemServices\BswM\src;184;0;0;0;0
BswM_PBcfg.obj;rb_cfg_Config\rb_cfga_ConfigAutosar\rb_cfga_AutosarRom;1120;0;0;0;0
BswM_Prv.obj;rb_ca_CoreAssets\rb_sys_SystemServices\BswM\src;156;0;0;16;0
BswM_Prv_AC.obj;rb_ca_CoreAssets\rb_sys_SystemServices\BswM\src;534;0;0;0;0
BswM_Prv_AL.obj;rb_ca_CoreAssets\rb_sys_SystemServices\BswM\src;126;0;0;0;0
BswM_Prv_IntrptQueue.obj;rb_ca_CoreAssets\rb_sys_SystemServices\BswM\src;164;0;0;11;0
BswM_Prv_MRP.obj;rb_ca_CoreAssets\rb_sys_SystemServices\BswM\src;258;0;0;0;0
BswM_Prv_ProcessDeferredRequest.obj;rb_ca_CoreAssets\rb_sys_SystemServices\BswM\src;4;0;0;0;0
BswM_Prv_ProcessDelayedReqst.obj;rb_ca_CoreAssets\rb_sys_SystemServices\BswM\src;364;0;0;0;0
BswM_Prv_RL.obj;rb_ca_CoreAssets\rb_sys_SystemServices\BswM\src;246;0;0;0;0
Cal.obj;rb_ca_CoreAssets\rb_cry_CryptoStack\Cal\src;48;0;0;0;0
Cal_Hash.obj;rb_ca_CoreAssets\rb_cry_CryptoStack\Cal\src;196;0;0;0;0
Cal_Signature.obj;rb_ca_CoreAssets\rb_cry_CryptoStack\Cal\src;378;0;0;0;0
Can.obj;rb_ca_CoreAssets\rb_mcd_McDrivers\Can\src;354;0;0;9;0
CanIf_Controller.obj;rb_ca_CoreAssets\rb_coms_ComStack\CanIf\src;280;0;0;0;0
CanIf_Init.obj;rb_ca_CoreAssets\rb_coms_ComStack\CanIf\src;58;0;0;0;0
CanIf_PBcfg.obj;rb_cfg_Config\rb_cfga_ConfigAutosar\rb_cfga_AutosarRom;820;0;0;140;0
CanIf_PduMode.obj;rb_ca_CoreAssets\rb_coms_ComStack\CanIf\src;76;0;0;0;0
CanIf_Prv.obj;rb_ca_CoreAssets\rb_coms_ComStack\CanIf\src;0;0;0;32;0
CanIf_Prv_Buffer.obj;rb_ca_CoreAssets\rb_coms_ComStack\CanIf\src;988;0;0;0;0
CanIf_RxIndication.obj;rb_ca_CoreAssets\rb_coms_ComStack\CanIf\src;318;0;0;0;0
CanIf_Transmit.obj;rb_ca_CoreAssets\rb_coms_ComStack\CanIf\src;222;0;0;0;0
CanIf_TxConfirmation.obj;rb_ca_CoreAssets\rb_coms_ComStack\CanIf\src;328;0;0;0;0
CanNm.obj;rb_ca_CoreAssets\rb_coms_ComStack\CanNm\src;888;0;0;0;0
CanNm_Cfg.obj;rb_cfg_Config\rb_cfga_ConfigAutosar\rb_cfga_AutosarRom;0;0;0;60;0
CanNm_ChangeState.obj;rb_ca_CoreAssets\rb_coms_ComStack\CanNm\src;28;0;0;0;0
CanNm_GetState.obj;rb_ca_CoreAssets\rb_coms_ComStack\CanNm\src;50;0;0;0;0
CanNm_NetworkRelease.obj;rb_ca_CoreAssets\rb_coms_ComStack\CanNm\src;32;0;0;0;0
CanNm_NetworkRequest.obj;rb_ca_CoreAssets\rb_coms_ComStack\CanNm\src;22;0;0;0;0
CanNm_PBcfg.obj;rb_cfg_Config\rb_cfga_ConfigAutosar\rb_cfga_AutosarRom;52;0;0;0;0
CanNm_PassiveStartup.obj;rb_ca_CoreAssets\rb_coms_ComStack\CanNm\src;106;0;0;0;0
CanNm_StartTransmission.obj;rb_ca_CoreAssets\rb_coms_ComStack\CanNm\src;54;0;0;0;0
CanSM_ControllerBusoff.obj;rb_ca_CoreAssets\rb_coms_ComStack\CanSM\src;1438;0;0;0;0
CanSM_ControllerModeIndication.obj;rb_ca_CoreAssets\rb_coms_ComStack\CanSM\src;110;0;0;0;0
CanSM_GetCurrentComMode.obj;rb_ca_CoreAssets\rb_coms_ComStack\CanSM\src;74;0;0;0;0
CanSM_Init.obj;rb_ca_CoreAssets\rb_coms_ComStack\CanSM\src;826;0;0;42;0
CanSM_InternalStateTransition.obj;rb_ca_CoreAssets\rb_coms_ComStack\CanSM\src;2738;0;0;0;0
CanSM_Main.obj;rb_ca_CoreAssets\rb_coms_ComStack\CanSM\src;322;0;0;0;0
CanSM_NetworkModes.obj;rb_ca_CoreAssets\rb_coms_ComStack\CanSM\src;164;0;0;0;0
CanSM_PBcfg.obj;rb_cfg_Config\rb_cfga_ConfigAutosar\rb_cfga_AutosarRom;41;0;0;0;0
CanSM_RequestComMode.obj;rb_ca_CoreAssets\rb_coms_ComStack\CanSM\src;320;0;0;0;0
CanTp.obj;rb_ca_CoreAssets\rb_coms_ComStack\CanTp\src;1240;0;0;1;0
CanTp_Cfg.obj;rb_cfg_Config\rb_cfga_ConfigAutosar\rb_cfga_AutosarRom;92;0;0;0;0
CanTp_Prv.obj;rb_ca_CoreAssets\rb_coms_ComStack\CanTp\src;3628;0;0;28;0
Can_Cfg.obj;rb_cfg_Config\rb_cfga_ConfigAutosar\rb_cfga_AutosarRom;520;0;0;0;0
ComM.obj;rb_ca_CoreAssets\rb_sys_SystemServices\ComM\src;172;0;0;37;0
ComM_BusSM_ModeIndication.obj;rb_ca_CoreAssets\rb_sys_SystemServices\ComM\src;2;0;0;0;0
ComM_Cfg.obj;rb_cfg_Config\rb_cfga_ConfigAutosar\rb_cfga_AutosarRom;68;0;0;0;0
ComM_CommunicationAllowed.obj;rb_ca_CoreAssets\rb_sys_SystemServices\ComM\src;18;0;0;0;0
ComM_Dcm_ActiveDiagnostic.obj;rb_ca_CoreAssets\rb_sys_SystemServices\ComM\src;20;0;0;0;0
ComM_Dcm_InactiveDiagnostic.obj;rb_ca_CoreAssets\rb_sys_SystemServices\ComM\src;18;0;0;0;0
ComM_Init.obj;rb_ca_CoreAssets\rb_sys_SystemServices\ComM\src;70;0;0;0;0
ComM_LChannelMainFunction.obj;rb_ca_CoreAssets\rb_sys_SystemServices\ComM\src;556;0;0;0;0
ComM_Main.obj;rb_cfg_Config\rb_cfga_ConfigAutosar\rb_cfga_AutosarRom;6;0;0;0;0
ComM_Nm_BusSleepMode.obj;rb_ca_CoreAssets\rb_sys_SystemServices\ComM\src;70;0;0;0;0
ComM_Nm_NetworkMode.obj;rb_ca_CoreAssets\rb_sys_SystemServices\ComM\src;64;0;0;0;0
ComM_Nm_NetworkStartIndication.obj;rb_ca_CoreAssets\rb_sys_SystemServices\ComM\src;64;0;0;0;0
ComM_Nm_PrepareBusSleepMode.obj;rb_ca_CoreAssets\rb_sys_SystemServices\ComM\src;66;0;0;0;0
ComM_PBcfg.obj;rb_cfg_Config\rb_cfga_ConfigAutosar\rb_cfga_AutosarRom;30;0;0;0;0
ComM_RequestComMode.obj;rb_ca_CoreAssets\rb_sys_SystemServices\ComM\src;124;0;0;0;0
Com_ByteCopy.obj;rb_ca_CoreAssets\rb_coms_ComStack\Com\src;22;0;0;0;0
Com_ByteCopyInit.obj;rb_ca_CoreAssets\rb_coms_ComStack\Com\src;30;0;0;0;0
Com_Cfg.obj;rb_cfg_Config\rb_cfga_ConfigAutosar\rb_cfga_AutosarRom;46;0;0;2;0
Com_EnableRxDm.obj;rb_ca_CoreAssets\rb_coms_ComStack\Com\src;254;0;0;0;0
Com_Filter.obj;rb_ca_CoreAssets\rb_coms_ComStack\Com\src;8;0;0;0;0
Com_Init.obj;rb_ca_CoreAssets\rb_coms_ComStack\Com\src;478;0;0;5;0
Com_IpduGroupStart.obj;rb_ca_CoreAssets\rb_coms_ComStack\Com\src;468;0;0;0;0
Com_IpduGroupStop.obj;rb_ca_CoreAssets\rb_coms_ComStack\Com\src;40;0;0;0;0
Com_MainFunctionRx.obj;rb_ca_CoreAssets\rb_coms_ComStack\Com\src;372;0;0;0;0
Com_MainFunctionTx.obj;rb_ca_CoreAssets\rb_coms_ComStack\Com\src;594;0;0;0;0
Com_PBcfg.obj;rb_cfg_Config\rb_cfga_ConfigAutosar\rb_cfga_AutosarRom;1124;0;0;400;0
Com_PackSignal.obj;rb_ca_CoreAssets\rb_coms_ComStack\Com\src;158;0;0;0;0
Com_ReceiveSignal.obj;rb_ca_CoreAssets\rb_coms_ComStack\Com\src;316;0;0;0;0
Com_RxIndication.obj;rb_ca_CoreAssets\rb_coms_ComStack\Com\src;566;0;0;0;0
Com_SendIpdu.obj;rb_ca_CoreAssets\rb_coms_ComStack\Com\src;400;0;0;0;0
Com_SendSignal.obj;rb_ca_CoreAssets\rb_coms_ComStack\Com\src;458;0;0;0;0
Com_SwitchIpduTxMode.obj;rb_ca_CoreAssets\rb_coms_ComStack\Com\src;4;0;0;0;0
Com_TriggerIPDUSend.obj;rb_ca_CoreAssets\rb_coms_ComStack\Com\src;4;0;0;0;0
Com_TxChangeMode.obj;rb_ca_CoreAssets\rb_coms_ComStack\Com\src;604;0;0;0;0
Com_TxConfirmation.obj;rb_ca_CoreAssets\rb_coms_ComStack\Com\src;152;0;0;0;0
Com_UnpackSignal.obj;rb_ca_CoreAssets\rb_coms_ComStack\Com\src;164;0;0;0;0
Cpl.obj;rb_ca_CoreAssets\rb_cry_CryptoStack\Cpl\src;228;0;0;0;0
Cpl_Hash.obj;rb_ca_CoreAssets\rb_cry_CryptoStack\Cpl\src;180;0;0;0;0
Cpl_Signature.obj;rb_ca_CoreAssets\rb_cry_CryptoStack\Cpl\src;384;0;0;0;0
Crc_16.obj;rb_cfg_Config\rb_cfga_ConfigAutosar\rb_cfga_AutosarRom;76;0;0;0;0
Crc_32.obj;rb_cfg_Config\rb_cfga_ConfigAutosar\rb_cfga_AutosarRom;70;0;0;0;0
Crc_Cfg.obj;rb_cfg_Config\rb_cfga_ConfigAutosar\rb_cfga_AutosarRom;20;0;0;0;0
CryIf.obj;rb_cfg_Config\rb_cfga_ConfigAutosar\rb_cfga_AutosarRom;28;0;0;1;0
CryIf_Cfg.obj;rb_cfg_Config\rb_cfga_ConfigAutosar\rb_cfga_AutosarRom;12;0;0;0;0
CryIf_JobProcessing.obj;rb_cfg_Config\rb_cfga_ConfigAutosar\rb_cfga_AutosarRom;56;0;0;0;0
Csm.obj;rb_cfg_Config\rb_cfga_ConfigAutosar\rb_cfga_AutosarRom;44;0;0;4;0
Csm_Cfg.obj;rb_cfg_Config\rb_cfga_ConfigAutosar\rb_cfga_AutosarRom;52;0;0;156;0
Csm_Hash.obj;rb_cfg_Config\rb_cfga_ConfigAutosar\rb_cfga_AutosarRom;108;0;0;0;0
Csm_Init.obj;rb_cfg_Config\rb_cfga_ConfigAutosar\rb_cfga_AutosarRom;20;0;0;1;0
DcmCore_DslDsd_BootLoader.obj;rb_ca_CoreAssets\rb_coms_ComStack\Dcm\src\DcmCore\DcmCoreDslDsd;1358;0;0;3;0
DcmCore_DslDsd_ComM.obj;rb_ca_CoreAssets\rb_coms_ComStack\Dcm\src\DcmCore\DcmCoreDslDsd;68;0;0;0;0
DcmCore_DslDsd_ConfirmRespPend.obj;rb_ca_CoreAssets\rb_coms_ComStack\Dcm\src\DcmCore\DcmCoreDslDsd;78;0;0;0;0
DcmCore_DslDsd_CopyRxData.obj;rb_ca_CoreAssets\rb_coms_ComStack\Dcm\src\DcmCore\DcmCoreDslDsd;358;0;0;0;0
DcmCore_DslDsd_CopyTxData.obj;rb_ca_CoreAssets\rb_coms_ComStack\Dcm\src\DcmCore\DcmCoreDslDsd;544;0;0;11;0
DcmCore_DslDsd_DsdStateMachine.obj;rb_ca_CoreAssets\rb_coms_ComStack\Dcm\src\DcmCore\DcmCoreDslDsd;1732;0;0;35;0
DcmCore_DslDsd_DslStateMachine.obj;rb_ca_CoreAssets\rb_coms_ComStack\Dcm\src\DcmCore\DcmCoreDslDsd;1044;0;0;26;0
DcmCore_DslDsd_GetActiveProtocol.obj;rb_ca_CoreAssets\rb_coms_ComStack\Dcm\src\DcmCore\DcmCoreDslDsd;44;0;0;0;0
DcmCore_DslDsd_GetSecurityLevel.obj;rb_ca_CoreAssets\rb_coms_ComStack\Dcm\src\DcmCore\DcmCoreDslDsd;26;0;0;0;0
DcmCore_DslDsd_GetSesCtrlType.obj;rb_ca_CoreAssets\rb_coms_ComStack\Dcm\src\DcmCore\DcmCoreDslDsd;48;0;0;0;0
DcmCore_DslDsd_InternalApi.obj;rb_ca_CoreAssets\rb_coms_ComStack\Dcm\src\DcmCore\DcmCoreLib;118;0;0;0;0
DcmCore_DslDsd_PagedBuffer.obj;rb_ca_CoreAssets\rb_coms_ComStack\Dcm\src\DcmCore\DcmCoreDslDsd;376;0;0;5;0
DcmCore_DslDsd_ResetToDefaultSession.obj;rb_ca_CoreAssets\rb_coms_ComStack\Dcm\src\DcmCore\DcmCoreDslDsd;78;0;0;1;0
DcmCore_DslDsd_RestoreSecaTimer.obj;rb_ca_CoreAssets\rb_coms_ComStack\Dcm\src\DcmCore\DcmCoreDslDsd;204;0;0;9;0
DcmCore_DslDsd_RxRequest.obj;rb_ca_CoreAssets\rb_coms_ComStack\Dcm\src\DcmCore\DcmCoreDslDsd;532;0;0;9;0
DcmCore_DslDsd_SetSecurityLevel.obj;rb_ca_CoreAssets\rb_coms_ComStack\Dcm\src\DcmCore\DcmCoreDslDsd;54;0;0;0;0
DcmCore_DslDsd_SetSesCtrlType.obj;rb_ca_CoreAssets\rb_coms_ComStack\Dcm\src\DcmCore\DcmCoreDslDsd;220;0;0;0;0
DcmCore_DslDsd_StartOfReception.obj;rb_ca_CoreAssets\rb_coms_ComStack\Dcm\src\DcmCore\DcmCoreDslDsd;496;0;0;25;0
DcmCore_DslDsd_TxResponse.obj;rb_ca_CoreAssets\rb_coms_ComStack\Dcm\src\DcmCore\DcmCoreDslDsd;1374;0;0;13;0
DcmCore_DslDsd_WarmStart.obj;rb_ca_CoreAssets\rb_coms_ComStack\Dcm\src\DcmCore\DcmCoreDslDsd;740;0;0;37;0
DcmCore_Main.obj;rb_ca_CoreAssets\rb_coms_ComStack\Dcm\src\DcmCore\DcmCoreMain;202;0;0;72;0
DcmCore_Main_Init.obj;rb_ca_CoreAssets\rb_coms_ComStack\Dcm\src\DcmCore\DcmCoreMain;388;0;0;0;0
DcmDspUds_CC.obj;rb_ca_CoreAssets\rb_coms_ComStack\Dcm\src\DcmDsp\DcmDspUds;640;0;0;3;0
DcmDspUds_Cdi.obj;rb_ca_CoreAssets\rb_coms_ComStack\Dcm\src\DcmDsp\DcmDspUds;464;0;0;5;0
DcmDspUds_Cdtcs.obj;rb_ca_CoreAssets\rb_coms_ComStack\Dcm\src\DcmDsp\DcmDspUds;412;0;0;1;0
DcmDspUds_Did_Support.obj;rb_ca_CoreAssets\rb_coms_ComStack\Dcm\src\DcmDsp\DcmDspUds;1862;0;0;10;0
DcmDspUds_Dsc.obj;rb_ca_CoreAssets\rb_coms_ComStack\Dcm\src\DcmDsp\DcmDspUds;746;0;0;4;0
DcmDspUds_Er.obj;rb_ca_CoreAssets\rb_coms_ComStack\Dcm\src\DcmDsp\DcmDspUds;510;0;0;3;0
DcmDspUds_Iocbi.obj;rb_ca_CoreAssets\rb_coms_ComStack\Dcm\src\DcmDsp\DcmDspUds;2722;0;0;54;0
DcmDspUds_Rc.obj;rb_ca_CoreAssets\rb_coms_ComStack\Dcm\src\DcmDsp\DcmDspUds;1830;0;0;28;0
DcmDspUds_Rdbi.obj;rb_ca_CoreAssets\rb_coms_ComStack\Dcm\src\DcmDsp\DcmDspUds;2870;0;0;79;0
DcmDspUds_Rdtc.obj;rb_ca_CoreAssets\rb_coms_ComStack\Dcm\src\DcmDsp\DcmDspUds;498;0;0;32;0
DcmDspUds_Rdtc_RepDataRecordByDTC.obj;rb_ca_CoreAssets\rb_coms_ComStack\Dcm\src\DcmDsp\DcmDspUds;1032;0;0;4;0
DcmDspUds_Rdtc_RepNumDTCByStatusMask.obj;rb_ca_CoreAssets\rb_coms_ComStack\Dcm\src\DcmDsp\DcmDspUds;362;0;0;0;0
DcmDspUds_Rdtc_RepSuppDTC.obj;rb_ca_CoreAssets\rb_coms_ComStack\Dcm\src\DcmDsp\DcmDspUds;1122;0;0;1;0
DcmDspUds_Seca.obj;rb_ca_CoreAssets\rb_coms_ComStack\Dcm\src\DcmDsp\DcmDspUds;2100;0;0;31;0
DcmDspUds_Seca_ChgSecurity.obj;rb_ca_CoreAssets\rb_coms_ComStack\Dcm\src\DcmDsp\DcmDspUds;76;0;0;0;0
DcmDspUds_Seca_RestoreDelayCount.obj;rb_ca_CoreAssets\rb_coms_ComStack\Dcm\src\DcmDsp\DcmDspUds;280;0;0;9;0
DcmDspUds_Seca_SecurityIni.obj;rb_ca_CoreAssets\rb_coms_ComStack\Dcm\src\DcmDsp\DcmDspUds;248;0;0;11;0
DcmDspUds_Tp.obj;rb_ca_CoreAssets\rb_coms_ComStack\Dcm\src\DcmDsp\DcmDspUds;70;0;0;0;0
DcmDspUds_Uds_Did_F186.obj;rb_ca_CoreAssets\rb_coms_ComStack\Dcm\src\DcmDsp\DcmDspUds;34;0;0;0;0
DcmDspUds_Wdbi.obj;rb_ca_CoreAssets\rb_coms_ComStack\Dcm\src\DcmDsp\DcmDspUds;1114;0;0;24;0
Dcm_Lcfg_DslDsd.obj;rb_cfg_Config\rb_cfga_ConfigAutosar\rb_cfga_AutosarRom;864;0;0;224;4092
Dcm_Lcfg_DspUds.obj;rb_cfg_Config\rb_cfga_ConfigAutosar\rb_cfga_AutosarRom;3336;0;0;42;0
Dem_Cfg_NvmCallbacks.obj;rb_cfg_Config\rb_cfga_ConfigAutosar\rb_cfga_AutosarRom;144;0;0;0;0
Dem_Cfg_OperationCycle_DataStructures.obj;rb_cfg_Config\rb_cfga_ConfigAutosar\rb_cfga_AutosarRom;2;0;0;0;0
Dem_Clear.obj;rb_ca_CoreAssets\rb_sys_SystemServices\Dem\src\main;726;0;0;1;0
Dem_Client.obj;rb_ca_CoreAssets\rb_sys_SystemServices\Dem\src\client;370;0;0;32;0
Dem_ClientClearMachine.obj;rb_ca_CoreAssets\rb_sys_SystemServices\Dem\src\client;0;0;0;24;0
Dem_ClientRequestDispatcher.obj;rb_ca_CoreAssets\rb_sys_SystemServices\Dem\src\client;432;0;0;0;0
Dem_ConsisChk.obj;rb_ca_CoreAssets\rb_sys_SystemServices\Dem\src\consischk;36;0;0;0;0
Dem_DTCFilter.obj;rb_ca_CoreAssets\rb_sys_SystemServices\Dem\src\dtc;946;0;0;76;0
Dem_DTCGroup.obj;rb_ca_CoreAssets\rb_sys_SystemServices\Dem\src\dtc;278;0;0;1;0
Dem_DTCStatusByte.obj;rb_ca_CoreAssets\rb_sys_SystemServices\Dem\src\dtc;698;0;0;2;0
Dem_DTCs.obj;rb_ca_CoreAssets\rb_sys_SystemServices\Dem\src\dtc;2812;0;0;420;0
Dem_Deb.obj;rb_ca_CoreAssets\rb_sys_SystemServices\Dem\src\deb;1108;0;0;0;0
Dem_DebBase.obj;rb_ca_CoreAssets\rb_sys_SystemServices\Dem\src\deb;298;0;0;40;0
Dem_DebCtrBaseClass.obj;rb_ca_CoreAssets\rb_sys_SystemServices\Dem\src\deb;258;0;0;0;0
Dem_Dependencies.obj;rb_ca_CoreAssets\rb_sys_SystemServices\Dem\src\evdep;4;0;0;0;0
Dem_DisturbanceMemory.obj;rb_ca_CoreAssets\rb_sys_SystemServices\Dem\src\distmem;972;0;0;115;0
Dem_EnableCondition.obj;rb_ca_CoreAssets\rb_sys_SystemServices\Dem\src\enco;236;0;0;2;0
Dem_EnvDataElement.obj;rb_ca_CoreAssets\rb_sys_SystemServices\Dem\src\env;610;0;0;0;0
Dem_EnvDid.obj;rb_ca_CoreAssets\rb_sys_SystemServices\Dem\src\env;180;0;0;0;0
Dem_EnvExtendedData.obj;rb_ca_CoreAssets\rb_sys_SystemServices\Dem\src\env;16;0;0;0;0
Dem_EnvExtendedDataRec.obj;rb_ca_CoreAssets\rb_sys_SystemServices\Dem\src\env;40;0;0;0;0
Dem_EnvFreezeFrame.obj;rb_ca_CoreAssets\rb_sys_SystemServices\Dem\src\env;44;0;0;0;0
Dem_EnvMain.obj;rb_ca_CoreAssets\rb_sys_SystemServices\Dem\src\env;2570;0;0;0;0
Dem_EvBuff.obj;rb_ca_CoreAssets\rb_sys_SystemServices\Dem\src\evbuff;600;0;0;556;0
Dem_EvBuffDistributor.obj;rb_ca_CoreAssets\rb_sys_SystemServices\Dem\src\evbuff;282;0;0;25;0
Dem_EvMem.obj;rb_ca_CoreAssets\rb_sys_SystemServices\Dem\src\evmem;3148;0;0;1061;0
Dem_EvMemApi.obj;rb_ca_CoreAssets\rb_sys_SystemServices\Dem\src\evmem;730;0;0;112;0
Dem_EventFHandling.obj;rb_ca_CoreAssets\rb_sys_SystemServices\Dem\src\event;1780;0;0;117;0
Dem_EventStatus.obj;rb_ca_CoreAssets\rb_sys_SystemServices\Dem\src\event;912;0;0;604;0
Dem_Events.obj;rb_ca_CoreAssets\rb_sys_SystemServices\Dem\src\event;10428;0;0;762;2404
Dem_GenericNvData.obj;rb_ca_CoreAssets\rb_sys_SystemServices\Dem\src\main;0;0;0;2;0
Dem_Indicator.obj;rb_ca_CoreAssets\rb_sys_SystemServices\Dem\src\indct;10;0;0;0;0
Dem_Main.obj;rb_ca_CoreAssets\rb_sys_SystemServices\Dem\src\main;318;0;0;3;0
Dem_Mapping.obj;rb_ca_CoreAssets\rb_sys_SystemServices\Dem\src\map;5758;0;0;0;0
Dem_Nvm.obj;rb_ca_CoreAssets\rb_sys_SystemServices\Dem\src\nvm;2432;0;0;500;0
Dem_NvmCallbacks.obj;rb_ca_CoreAssets\rb_sys_SystemServices\Dem\src\nvm;216;0;0;0;0
Dem_OperationCycle.obj;rb_ca_CoreAssets\rb_sys_SystemServices\Dem\src\main;254;0;0;4;0
Dem_PrjSpecificIndiHandling.obj;rb_ca_CoreAssets\rb_sys_SystemServices\rba_DemIndicatorLitePS\src;354;0;0;0;0
Det.obj;rb_ca_CoreAssets\rb_sys_SystemServices\Det\src;124;0;0;65;0
Det_ErrorSaver.obj;rb_cfg_Config\rb_cfgd_ConfigDefinitions\rb_cfgc_ConfigCDG\Diagnosis;12;0;0;4;0
Dio.obj;rb_ca_CoreAssets\rb_mcd_McDrivers\Dio\src;86;0;0;0;0
E2E_P01.obj;rb_cfg_Config\rb_cfga_ConfigAutosar\rb_cfga_AutosarRom;3;0;0;0;0
E2E_P02.obj;rb_cfg_Config\rb_cfga_ConfigAutosar\rb_cfga_AutosarRom;3;0;0;0;0
E2E_P06.obj;rb_cfg_Config\rb_cfga_ConfigAutosar\rb_cfga_AutosarRom;256;0;0;0;0
Ea_Cfg.obj;rb_cfg_Config\rb_cfga_ConfigAutosar\rb_cfga_AutosarRom;1892;0;0;0;0
Ea_GetJobResult.obj;rb_ca_CoreAssets\rb_mems_MemoryStack\Ea\src;34;0;0;0;0
Ea_GetStatus.obj;rb_ca_CoreAssets\rb_mems_MemoryStack\Ea\src;24;0;0;0;0
Eep.obj;rb_ca_CoreAssets\rb_mems_MemoryStack\Eep\src;766;0;0;166;0
Eep_Cancel.obj;rb_ca_CoreAssets\rb_mems_MemoryStack\Eep\src;58;0;0;0;0
Eep_Cfg.obj;rb_cfg_Config\rb_cfga_ConfigAutosar\rb_cfga_AutosarRom;16;0;0;0;0
Eep_Compare.obj;rb_ca_CoreAssets\rb_mems_MemoryStack\Eep\src;132;0;0;0;0
Eep_Erase.obj;rb_ca_CoreAssets\rb_mems_MemoryStack\Eep\src;122;0;0;0;0
Eep_GetJobResult.obj;rb_ca_CoreAssets\rb_mems_MemoryStack\Eep\src;26;0;0;0;0
Eep_GetStatus.obj;rb_ca_CoreAssets\rb_mems_MemoryStack\Eep\src;26;0;0;0;0
Eep_Init.obj;rb_ca_CoreAssets\rb_mems_MemoryStack\Eep\src;996;0;0;17;0
Eep_Rb_Det.obj;rb_ca_CoreAssets\rb_mems_MemoryStack\Eep\src;124;0;0;0;0
Eep_Rb_Srv.obj;rb_ca_CoreAssets\rb_mems_MemoryStack\Eep\src;732;0;0;0;0
Eep_Read.obj;rb_ca_CoreAssets\rb_mems_MemoryStack\Eep\src;134;0;0;0;0
Eep_SetMode.obj;rb_ca_CoreAssets\rb_mems_MemoryStack\Eep\src;34;0;0;0;0
Eep_Write.obj;rb_ca_CoreAssets\rb_mems_MemoryStack\Eep\src;132;0;0;0;0
Fee_Cfg.obj;rb_cfg_Config\rb_cfga_ConfigAutosar\rb_cfga_AutosarRom;2452;0;0;0;0
Fls.obj;rb_ca_CoreAssets\rb_mcd_McDrivers\Fls\src;1074;0;0;116;0
Fls_Cfg.obj;rb_cfg_Config\rb_cfga_ConfigAutosar\rb_cfga_AutosarRom;208;0;0;0;0
Fls_Compare.obj;rb_ca_CoreAssets\rb_mcd_McDrivers\Fls\src;304;0;0;0;0
Fls_Erase.obj;rb_ca_CoreAssets\rb_mcd_McDrivers\Fls\src;342;0;0;8;0
Fls_GetJobResult.obj;rb_ca_CoreAssets\rb_mcd_McDrivers\Fls\src;26;0;0;0;0
Fls_GetStatus.obj;rb_ca_CoreAssets\rb_mcd_McDrivers\Fls\src;6;0;0;0;0
Fls_Init.obj;rb_ca_CoreAssets\rb_mcd_McDrivers\Fls\src;104;0;0;0;0
Fls_Rb_BlankCheck.obj;rb_ca_CoreAssets\rb_mcd_McDrivers\Fls\src;292;0;0;0;0
Fls_Rb_Det.obj;rb_ca_CoreAssets\rb_mcd_McDrivers\Fls\src;210;0;0;0;0
Fls_Read.obj;rb_ca_CoreAssets\rb_mcd_McDrivers\Fls\src;304;0;0;0;0
Fls_SetMode.obj;rb_ca_CoreAssets\rb_mcd_McDrivers\Fls\src;16;0;0;0;0
Fls_Write.obj;rb_ca_CoreAssets\rb_mcd_McDrivers\Fls\src;526;0;0;0;0
MemIf_MainFunction.obj;rb_ca_CoreAssets\rb_mems_MemoryStack\MemIf\src;126;0;0;0;0
MemIf_Rb_MainFunction.obj;rb_ca_CoreAssets\rb_mems_MemoryStack\MemIf\src;152;0;0;0;0
Nm.obj;rb_ca_CoreAssets\rb_coms_ComStack\Nm\src;2;0;0;0;0
Nm_BusSleepMode.obj;rb_ca_CoreAssets\rb_coms_ComStack\Nm\src;12;0;0;0;0
Nm_Cfg.obj;rb_cfg_Config\rb_cfga_ConfigAutosar\rb_cfga_AutosarRom;132;0;0;0;0
Nm_Extensions.obj;rb_ca_CoreAssets\rb_coms_ComStack\Nm\src;12;0;0;0;0
Nm_NetworkMode.obj;rb_ca_CoreAssets\rb_coms_ComStack\Nm\src;12;0;0;0;0
Nm_NetworkStartIndication.obj;rb_ca_CoreAssets\rb_coms_ComStack\Nm\src;12;0;0;0;0
Nm_PrepareBusSleepMode.obj;rb_ca_CoreAssets\rb_coms_ComStack\Nm\src;12;0;0;0;0
NvM.obj;rb_ca_CoreAssets\rb_mems_MemoryStack\NvM\src;0;0;0;893;0
NvM_BlockData.obj;rb_ca_CoreAssets\rb_mems_MemoryStack\NvM\src;90;0;0;1220;0
NvM_Cfg.obj;rb_cfg_Config\rb_cfga_ConfigAutosar\rb_cfga_AutosarRom;13180;0;0;0;0
NvM_ErrorDetection.obj;rb_ca_CoreAssets\rb_mems_MemoryStack\NvM\src;24;0;0;0;0
NvM_GetErrorStatus.obj;rb_ca_CoreAssets\rb_mems_MemoryStack\NvM\src;42;0;0;0;0
NvM_Init.obj;rb_ca_CoreAssets\rb_mems_MemoryStack\NvM\src;132;0;0;0;0
NvM_InvalidateNvBlock.obj;rb_ca_CoreAssets\rb_mems_MemoryStack\NvM\src;206;0;0;0;0
NvM_MainFunction.obj;rb_ca_CoreAssets\rb_mems_MemoryStack\NvM\src;96;0;0;0;0
NvM_MainFunctionArbitrate.obj;rb_ca_CoreAssets\rb_mems_MemoryStack\NvM\src;1306;0;0;0;0
NvM_MainFunctionJobStart.obj;rb_ca_CoreAssets\rb_mems_MemoryStack\NvM\src;472;0;0;0;0
NvM_MainFunctionPollResult.obj;rb_ca_CoreAssets\rb_mems_MemoryStack\NvM\src;44;0;0;0;0
NvM_MainFunctionResultEval.obj;rb_ca_CoreAssets\rb_mems_MemoryStack\NvM\src;916;0;0;0;0
NvM_Queue.obj;rb_ca_CoreAssets\rb_mems_MemoryStack\NvM\src;324;0;0;72;0
NvM_Rb_GetMigrationResult.obj;rb_ca_CoreAssets\rb_mems_MemoryStack\NvM\src;8;0;0;0;0
NvM_Rb_GetNvBlockLength.obj;rb_ca_CoreAssets\rb_mems_MemoryStack\NvM\src;68;0;0;0;0
NvM_Rb_GetStatus.obj;rb_ca_CoreAssets\rb_mems_MemoryStack\NvM\src;44;0;0;0;0
NvM_Rb_SetWriteAllTrigger.obj;rb_ca_CoreAssets\rb_mems_MemoryStack\NvM\src;102;0;0;0;0
NvM_ReadAll.obj;rb_ca_CoreAssets\rb_mems_MemoryStack\NvM\src;146;0;0;0;0
NvM_ReadBlock.obj;rb_ca_CoreAssets\rb_mems_MemoryStack\NvM\src;226;0;0;0;0
NvM_RestoreBlockDefaults.obj;rb_ca_CoreAssets\rb_mems_MemoryStack\NvM\src;224;0;0;0;0
NvM_WriteAll.obj;rb_ca_CoreAssets\rb_mems_MemoryStack\NvM\src;216;0;0;0;0
NvM_WriteBlock.obj;rb_ca_CoreAssets\rb_mems_MemoryStack\NvM\src;242;0;0;0;0
Nvm_MultiBlockCallback.obj;rb_cfg_Config\rb_cfgd_ConfigDefinitions\rb_cfgc_ConfigCDG\MemStack;12;0;0;2;0
Paralg_aida.obj;aida\AidaArchCust;0;0;0;40;0
PduR_Globals.obj;rb_ca_CoreAssets\rb_coms_ComStack\PduR\src;0;0;0;5;0
PduR_Init.obj;rb_ca_CoreAssets\rb_coms_ComStack\PduR\src;28;0;0;0;0
PduR_InvalidId_UpTx.obj;rb_ca_CoreAssets\rb_coms_ComStack\PduR\src;4;0;0;0;0
PduR_LoTp.obj;rb_cfg_Config\rb_cfga_ConfigAutosar\rb_cfga_AutosarRom;246;0;0;0;0
PduR_PBcfg.obj;rb_cfg_Config\rb_cfga_ConfigAutosar\rb_cfga_AutosarRom;275;0;0;0;0
PduR_UpIf.obj;rb_cfg_Config\rb_cfga_ConfigAutosar\rb_cfga_AutosarRom;48;0;0;0;0
PduR_UpTp.obj;rb_cfg_Config\rb_cfga_ConfigAutosar\rb_cfga_AutosarRom;48;0;0;0;0
PduR_dLoIf.obj;rb_cfg_Config\rb_cfga_ConfigAutosar\rb_cfga_AutosarRom;96;0;0;0;0
Port.obj;rb_ca_CoreAssets\rb_mcd_McDrivers\Port\src;406;0;0;4;0
Port_PbCfg.obj;rb_cfg_Config\rb_cfga_ConfigAutosar\rb_cfga_AutosarRom;884;0;0;0;0
RTAOS.a;n/a;4756;0;0;66;0
Spi.obj;rb_ca_CoreAssets\rb_mcd_McDrivers\Spi\src;3348;0;0;202;0
Spi_PBcfg.obj;rb_cfg_Config\rb_cfga_ConfigAutosar\rb_cfga_AutosarRom;180;0;0;0;0
alg_FrtMergeOffsetInfo.obj;aida\FrtOpt\FrtMergeOffsetInfo;512;0;0;6;0
alg_FrtPtsFeaCalc.obj;aida\FrtOpt\FrtPtsFeaCalc;2;0;0;1;0
alg_ReaStandardCalc.obj;aida\FrtOpt\ReaStandardCalc;608;0;0;20;0
alg_afncrashguard.obj;aida\AfnOpt\AfnCrashGuard;2400;0;0;192;0
alg_afnfireflagcreation.obj;aida\AfnCore\AfnFireFlagCreation;150;0;0;6;0
alg_afnsconhandling.obj;aida\AfnCore\AfnSconHandling;90;0;0;4;0
alg_aidaalgointerface.obj;aida\AidaArchCust\AidaAlgoInterface;0;0;0;6;0
alg_aidafeaturecalc.obj;aida\AidaArchOpt\AidaFeatureCalc;662;0;0;100;0
alg_errprequalification.obj;aida\AidaArchCore\ErrPrequalification;1342;0;0;22;0
alg_frontinit.obj;aida\FrtCust\FrtInit;270;0;0;10;0
alg_frt3xfeacalc.obj;aida\FrtOpt\Frt3XFeaCalc;30;0;0;11;0
alg_frt3xoffsetcrashdetection.obj;aida\FrtOpt\Frt3XOffsetCrashDetection;26;0;0;6;0
alg_frtab2handling.obj;aida\FrtOpt\FrtAB2Handling;198;0;0;6;0
alg_frtcrashtypelogic.obj;aida\FrtOpt\FrtCrashtypeLogic;94;0;0;3;0
alg_frtcustsignalvector.obj;aida\FrtCust\FrtCustSignalVector;2306;0;0;0;0
alg_frtena2stage.obj;aida\FrtOpt\FrtEna2ndStage;382;0;0;4;0
alg_frtfeacalc.obj;aida\FrtCore\FrtFeaCalc;912;0;0;76;0
alg_frtfeadelayedacc.obj;aida\FrtOpt\FrtFeaDelayedAcc;202;0;0;28;0
alg_frtfeadyncp.obj;aida\FrtOpt\FrtFeaDynCp;496;0;0;33;0
alg_frtfeafreqcalc.obj;aida\FrtOpt\FrtFeaFreqCalc;10;0;0;2;0
alg_frtfeamacrofilt.obj;aida\FrtOpt\FrtFeaMacroFilt;2;0;0;1;0
alg_frtfeathddetection.obj;aida\FrtOpt\FrtFeaThdDetection;348;0;0;14;0
alg_frtfeaxpeakdifference.obj;aida\FrtOpt\FrtFeaXPeakDifference;214;0;0;12;0
alg_frtfeaxyenergy.obj;aida\FrtOpt\FrtFeaXYEnergy;276;0;0;19;0
alg_frtfeayoffstdetection.obj;aida\FrtOpt\FrtFeaYOffstDetection;394;0;0;16;0
alg_frtidfactivation.obj;aida\FrtCust\FrtIDFActivation;2;0;0;0;0
alg_frtidfarch.obj;aida\FrtCust\FrtIDFArch;2;0;0;0;0
alg_frtidfvelaccep.obj;aida\FrtOpt\FrtIDFVelAccep;0;0;0;3;0
alg_frtkecarch.obj;aida\FrtOpt\FrtKecArch;36;0;0;0;0
alg_frtkecfea.obj;aida\FrtOpt\FrtKecFea;1326;0;0;32;0
alg_frtkecsgp.obj;aida\FrtOpt\FrtKecSgp;800;0;0;240;0
alg_frtkecstc.obj;aida\FrtOpt\FrtKecStc;904;0;0;152;0
alg_frtkectrg.obj;aida\FrtOpt\FrtKecTrg;1190;0;0;18;0
alg_frtmain1arch.obj;aida\FrtArch\FrtMain1Arch;104;0;0;0;0
alg_frtmain2arch.obj;aida\FrtArch\FrtMain2Arch;150;0;0;0;0
alg_frtmisonsetdetection.obj;aida\FrtOpt\FrtMisOnsetDetection;2;0;0;1;0
alg_frtpls3xcalc.obj;aida\FrtOpt\FrtPls3XCalc;2;0;0;0;0
alg_frtpls45calc.obj;aida\FrtOpt\FrtPls45Calc;278;0;0;3;0
alg_frtpls90xrdcalc.obj;aida\FrtOpt\FrtPls90XrdCalc;410;0;0;19;0
alg_frtplsarch.obj;aida\FrtArch\FrtPlsArch;44;0;0;8;0
alg_frtplsinit.obj;aida\FrtCore\FrtPlsInit;224;0;0;4;0
alg_frtplsmerge.obj;aida\FrtOpt\FrtPlsMerge;250;0;0;0;0
alg_frtplssmi7xcalc.obj;aida\FrtOpt\FrtPlsSMI7xCalc;616;0;0;26;0
alg_frtplsufscalc.obj;aida\FrtOpt\FrtPlsUfsCalc;456;0;0;2;0
alg_frtplsycalc.obj;aida\FrtOpt\FrtPlsYCalc;2;0;0;0;0
alg_frtptsdelay.obj;aida\FrtOpt\FrtPtsDelay;0;0;0;2;0
alg_frtptsgrad.obj;aida\FrtOpt\FrtPtsGrad;0;0;0;1;0
alg_frtptsoffset.obj;aida\FrtOpt\FrtPtsOffset;0;0;0;4;0
alg_frtstccalc.obj;aida\FrtCore\FrtStcCalc;784;0;0;124;0
alg_frtsweepanddelay.obj;aida\FrtOpt\FrtSweepAndDelay;104;0;0;4;0
alg_frttrgaddoncalculation.obj;aida\FrtOpt\FrtTrgAddOnCalculation;1992;0;0;44;0
alg_frttrgcontrol.obj;aida\FrtCore\FrtTrgControl;1338;0;0;27;0
alg_frtttfcalculation.obj;aida\FrtOpt\FrtTtfCalculation;256;0;0;3;0
alg_frtufsfeacalc.obj;aida\FrtOpt\FrtUfsFeaCalc;2116;0;0;55;0
alg_frtufsoffsetcrashdetection.obj;aida\FrtOpt\FrtUfsOffsetCrashDetection;538;0;0;11;0
alg_frtvelcls.obj;aida\FrtOpt\FrtVelCls;250;0;0;2;0
alg_hpfilter.obj;aida\FrtOpt\FrtFeaDynCp;36;0;0;0;0
alg_lpfilter.obj;aida\AidaArchCore\LpFilter;40;0;0;0;0
alg_pepaccxfeacalc.obj;aida\PepOpt\PepAccXFeaCalc;284;0;0;176;0
alg_pepctl.obj;aida\PepOpt\PepCtl;268;0;0;11;0
alg_pepcustarch.obj;aida\PepCust\PepCustArch;148;0;0;0;0
alg_pepepod.obj;aida\PepOpt\PepEPOD;988;0;0;33;0
alg_pepfactorcalc.obj;aida\PepCore\PepFactorCalc;776;0;0;28;0
alg_pepinit.obj;aida\PepCore\PepInit;816;0;0;36;0
alg_peppcsfeacalc.obj;aida\PepOpt\PepPcsFeaCalc;1508;0;0;136;0
alg_peppcsfreqcalc.obj;aida\PepOpt\PepPcsFreqCalc;318;0;0;20;0
alg_peppcsimpposcalc.obj;aida\PepOpt\PepPcsImpPosCalc;658;0;0;7;0
alg_peppcsrelaxcalc.obj;aida\PepOpt\PepPcsRelaxCalc;178;0;0;4;0
alg_pepplausicalc.obj;aida\PepCore\PepPlausiCalc;542;0;0;8;0
alg_pepptsfeacalc.obj;aida\PepOpt\PepPtsFeaCalc;636;0;0;416;0
alg_pepptsfreqcalc.obj;aida\PepOpt\PepPtsFreqCalc;370;0;0;56;0
alg_pepptsimpposcalc.obj;aida\PepOpt\PepPtsImpPosCalc;1012;0;0;56;0
alg_pepsignalprep.obj;aida\PepCore\PepSignalPrep;766;0;0;164;0
alg_pepstcresetcalc.obj;aida\PepCore\PepStcResetCalc;188;0;0;7;0
alg_peptempcalc.obj;aida\PepOpt\PepTempCalc;156;0;0;6;0
alg_peptriggercalc.obj;aida\PepCore\PepTriggerCalc;3322;0;0;86;0
alg_pepufsfeacalc.obj;aida\PepOpt\PepUfsFeaCalc;284;0;0;232;0
alg_pepvelcalc.obj;aida\PepCore\PepVelCalc;230;0;0;18;0
alg_pepvsicalc.obj;aida\PepCust\PepVsiCalc;2;0;0;1;0
alg_pitchoverdetection.obj;aida\RoseOpt\PitchoverDetection;2;0;0;2;0
alg_rollstat.obj;aida\RoseOpt\RollStat;2;0;0;8;0
alg_rose.obj;aida\RoseCore\RoseIeCore;0;0;0;2;0
alg_rosecurbtripdetection.obj;aida\RoseOpt\RoseCurbTripDetection;0;0;0;1;0
alg_rosecustarch.obj;aida\RoseCust\RoseCustArch;18;0;0;1;0
alg_roseinit.obj;aida\RoseCore\RoseInit;2;0;0;1;0
alg_rosesoiltrippredictive.obj;aida\RoseOpt\RoseSoilTripPredictive;0;0;0;1;0
alg_sac2csabsplausi.obj;aida\SideOpt\Sac2CsabsPlausi;2;0;0;2;0
alg_sac2ctlside.obj;aida\SideCore\Sac2CtlSide;502;0;0;12;0
alg_sac2custarch.obj;aida\SideCust\Sac2CustArch;172;0;0;20;0
alg_sac2custpasloop1.obj;aida\SideCore\Sac2CustPasLoop1;280;0;0;24;0
alg_sac2custpasloop2.obj;aida\SideCust\Sac2CustPasLoop2;314;0;0;1;0
alg_sac2ecuycsabs.obj;aida\SideCust\Sac2EcuYCsabs;2;0;0;0;0
alg_sac2ecuyfilters.obj;aida\SideCore\Sac2EcuYFilters;358;0;0;32;0
alg_sac2ecuymisthdcalc.obj;aida\SideOpt\Sac2EcuYMisThdCalc;0;0;0;1;0
alg_sac2ecuythdcalc.obj;aida\SideCore\Sac2EcuYThdCalc;140;0;0;0;0
alg_sac2globalreset.obj;aida\SideCore\Sac2GlobalReset;658;0;0;21;0
alg_sac2pascrashlocdetect.obj;aida\SideOpt\Sac2PasCrashLocDetec;614;0;0;84;0
alg_sac2pasfilters.obj;aida\SideCore\Sac2PasFilters;454;0;0;76;0
alg_sac2pasmisthdcalc.obj;aida\SideCore\Sac2PasMisThdCalc;470;0;0;4;0
alg_sac2passlewratecalc.obj;aida\SideOpt\Sac2PasSlewrateCalc;392;0;0;24;0
alg_sac2pasthdcalc.obj;aida\SideCore\Sac2PasThdCalc;250;0;0;1;0
alg_sac2pasvpafcalc.obj;aida\SideOpt\Sac2PasVpafCalc;720;0;0;56;0
alg_sac2pasxyrotation.obj;aida\SideOpt\Sac2PasXYRotation;2;0;0;3;0
alg_sac2ppslowthdcalc.obj;aida\SideOpt\Sac2PpsLowThdCalc;2;0;0;0;0
alg_sac2trgctrl.obj;aida\SideCore\Sac2TrgCtrl;228;0;0;0;0
alg_sensordatasubst.obj;aida\AidaArchCore\SensorDataSubst;330;0;0;25;0
alg_sideinit.obj;aida\SideCore\SideInit;16;0;0;1;0
alg_spr2plausi.obj;aida\SideOpt\Spr2Plausi;714;0;0;18;0
alg_spr2singlecombinedarch.obj;aida\SideOpt\Spr2SingleCombinedArch;46;0;0;0;0
alg_spr2singlecombinedmode.obj;aida\SideOpt\Spr2SingleCombinedMode;202;0;0;4;0
alg_spr2statectrl.obj;aida\SideOpt\Spr2StateCtrl;120;0;0;6;0
alg_spr2trgcalc.obj;aida\SideOpt\Spr2TrgCalc;520;0;0;10;0
crt0.o;n/a;240;0;0;0;0
dr7f701062_startup_mod.obj;rb_ca_CoreAssets\rb_mcd_McDrivers\rb_mcs_MicrocontrollerStartup\rb_mcs_MicrocontrollerStartupRenR1X;52;0;0;0;0
libansi.a;n/a;78;0;0;0;0
libarch.a;n/a;1374;0;0;0;0
libstartup.a;n/a;984;0;0;0;0
libsys.a;n/a;316;0;0;32;0
os_stubs.obj;rb_ca_CoreAssets\rb_mcd_McDrivers\rb_os_OperatingSystem;700;0;0;1;0
os_tasks.obj;rb_ca_CoreAssets\rb_mcd_McDrivers\rb_os_OperatingSystem;450;0;0;0;0
rb_acc_AlgoConsistencyChecks.obj;rb_ca_CoreAssets\rb_alg_Algo\rb_acc_AlgoConsistencyChecks;140;0;0;68;0
rb_acca_ChecksParameters.obj;rb_ca_CoreAssets\rb_alg_Algo\rb_acc_AlgoConsistencyChecks;416;0;0;0;0
rb_accc_ChecksCentralSensors.obj;rb_ca_CoreAssets\rb_alg_Algo\rb_acc_AlgoConsistencyChecks;622;0;0;0;0
rb_acci_AlgoConsistencyChecksInterface.obj;rb_ca_CoreAssets\rb_alg_Algo\rb_acc_AlgoConsistencyChecks;16;0;0;0;0
rb_accp_ChecksPeripheralSensors.obj;rb_ca_CoreAssets\rb_alg_Algo\rb_acc_AlgoConsistencyChecks;494;0;0;0;0
rb_accs_SconChecks.obj;rb_ca_CoreAssets\rb_alg_Algo\rb_acc_AlgoConsistencyChecks;266;0;0;96;0
rb_adcm_AdcMgtRenR1x.obj;rb_ca_CoreAssets\rb_mcd_McDrivers\rb_adcm_AdcMgt\rb_adcm_AdcMgtRenR1x;118;0;0;16;0
rb_alg_AlgoParameters_RomCfg.obj;rb_cfg_Config\rb_cfgi_ConfigImplementation\rb_cfic_AlgoCalibrationParameters;1512;0;0;0;0
rb_alg_AlgoSpecialBehavior_EeCfg.obj;rb_cfg_Config\rb_cfgi_ConfigImplementation\rb_cfic_AlgoCalibrationParameters;12;0;0;0;0
rb_alg_MainIDs_RomCfg.obj;rb_cfg_Config\rb_cfgi_ConfigImplementation\rb_cfic_AlgoCalibrationParameters;84;0;0;0;0
rb_alg_aidacyclic.obj;aida\AidaArchCust;266;0;0;20;0
rb_alg_aidacyclic10ms.obj;aida\AidaArchCust;4;0;0;0;0
rb_alg_aidainit.obj;aida\AidaArchCust;28;0;0;0;0
rb_algi_AlgoMainInterface.obj;rb_ca_CoreAssets\rb_alg_Algo\rb_alg_AlgoMain;6;0;0;12;0
rb_algi_CustAlgoMainInterface.obj;rb_cl_CustLib\rb_algc_CustAlgoFunctions\rb_alg_CustAlgoMain;172;0;0;0;0
rb_algm_AlgoMain.obj;rb_ca_CoreAssets\rb_alg_Algo\rb_alg_AlgoMain;452;0;0;4;0
rb_algm_DisableLineSettings_RomCfg.obj;rb_cfg_Config\rb_cfgi_ConfigImplementation\rb_cfia_AutoFireConParameters;104;0;0;0;0
rb_aodc_AODCobraAsic.obj;rb_ca_CoreAssets\rb_cd_ComplexDrivers\rb_aod_AnalogOutputDriver;1366;0;0;0;0
rb_aodi_AODInterface.obj;rb_ca_CoreAssets\rb_cd_ComplexDrivers\rb_aod_AnalogOutputDriver;224;0;0;0;0
rb_aodm_AODriverMgt.obj;rb_ca_CoreAssets\rb_cd_ComplexDrivers\rb_aod_AnalogOutputDriver;1316;0;0;20;0
rb_aodp_AODParameters_Cfg.obj;rb_cfg_Config\rb_cfgi_ConfigImplementation\rb_cfis_ConfigImplSystemSW;48;0;0;20;0
rb_bg_BackgroundProcess.obj;rb_ca_CoreAssets\rb_sys_SystemServices\rb_br_BackgroundRealtime;758;0;0;3;0
rb_bg_CustBackgroundProcess.obj;rb_cl_CustLib\rb_sys_CustSystemServices\rb_br_CustBackgroundRealtime;52;0;0;0;0
rb_bgif_BackgroundProcessInterface.obj;rb_ca_CoreAssets\rb_sys_SystemServices\rb_br_BackgroundRealtime;6;0;0;0;0
rb_blif_BootLoaderDataAndFaultMemInterface.obj;rb_ca_CoreAssets\rb_sys_SystemServices\rb_blif_BootLoaderInterface;144;0;0;0;0
rb_blif_BootLoaderDataAndFaultMemInterface_Cfg.obj;rb_cfg_Config\rb_cfgi_ConfigImplementation\rb_cfis_ConfigImplSystemSW;88;0;0;0;0
rb_blif_BootLoaderInterfaceSimplified.obj;rb_ca_CoreAssets\rb_sys_SystemServices\rb_blif_BootLoaderInterface;920;0;0;39;0
rb_blif_BootLoaderInterfaceSimplified_EeCfg.obj;rb_cfg_Config\rb_cfge_ConfigEe\rb_cfes_ConfigEeSystemSW;8;0;0;8;0
rb_blif_BootLoaderInterfaceSimplified_RomCfg.obj;rb_cfg_Config\rb_cfgr_ConfigRom\rb_cfrs_ConfigRomSystemSW;8;0;0;0;0
rb_bsdc_CobraBasicFunctions.obj;rb_ca_CoreAssets\rb_cd_ComplexDrivers\rb_bsd_BasicSystemAsicDriver;2338;0;0;179;0
rb_bswm_BasicSwMgt.obj;rb_ca_CoreAssets\rb_sys_SystemServices\rb_mm_ModeManagement;926;0;0;65;0
rb_bswm_BasicSwMgt_Cfg.obj;rb_cfg_Config\rb_cfgi_ConfigImplementation\rb_cfis_ConfigImplSystemSW;20;0;0;0;0
rb_caod_CustAOD.obj;rb_cl_CustLib\rb_cd_CustComplexDrivers\rb_caod_CustAnalogOutputDriver;24;0;0;0;0
rb_cap_FmCanApplication_RomCfg.obj;rb_cfg_Config\rb_cfgr_ConfigRom\rb_cfrs_ConfigRomSystemSW;208;0;0;0;0
rb_cap_RxCanApplication_RomCfg.obj;rb_cfg_Config\rb_cfgr_ConfigRom\rb_cfrs_ConfigRomSystemSW;396;0;0;0;0
rb_cap_TxCanApplication_RomCfg.obj;rb_cfg_Config\rb_cfgr_ConfigRom\rb_cfrs_ConfigRomSystemSW;604;0;0;24;0
rb_cci_CanInterface.obj;rb_ca_CoreAssets\rb_coms_ComStack\rb_ci_ComInterface;56;0;0;0;0
rb_cci_CustCanInterface.obj;rb_cl_CustLib\rb_coms_CustComStack\rb_ci_CustComInterface;390;0;0;9;0
rb_cdh_CustRxCanDataHandler.obj;rb_cl_CustLib\rb_cma_CustComApplication\rb_cap_CustRxCanApplication;756;0;0;5;0
rb_cdh_CustTxCanDataHandler.obj;rb_cl_CustLib\rb_cma_CustComApplication\rb_cap_CustTxCanApplication;36;0;0;0;0
rb_cdh_RxCanDataHandler.obj;rb_ca_CoreAssets\rb_cma_ComApplication\rb_cap_RxCanApplication;316;0;0;4;0
rb_cdh_TxCanDataHandler.obj;rb_ca_CoreAssets\rb_cma_ComApplication\rb_cap_TxCanApplication;28;0;0;0;0
rb_cdi_CustRxCanDataInterface.obj;rb_cl_CustLib\rb_cma_CustComApplication\rb_cap_CustRxCanApplication;278;0;0;0;0
rb_cdi_CustTxCanDataInterface.obj;rb_cl_CustLib\rb_cma_CustComApplication\rb_cap_CustTxCanApplication;1038;0;0;52;0
rb_cdi_CustTxVdsDataInterface.obj;rb_cl_CustLib\rb_cma_CustComApplication\rb_cap_CustTxCanApplication;592;0;0;1;0
rb_cdi_RxCanDataInterface.obj;rb_ca_CoreAssets\rb_cma_ComApplication\rb_cap_RxCanApplication;0;0;0;1;0
rb_cdi_TxCanDataInterface.obj;rb_ca_CoreAssets\rb_cma_ComApplication\rb_cap_TxCanApplication;0;0;0;1;0
rb_cdp_CustRxCanDataProcessor.obj;rb_cl_CustLib\rb_cma_CustComApplication\rb_cap_CustRxCanApplication;290;0;0;28;0
rb_cdp_CustTxCanDataProcessor.obj;rb_cl_CustLib\rb_cma_CustComApplication\rb_cap_CustTxCanApplication;70;0;0;8;0
rb_cdp_RxCanDataProcessor.obj;rb_ca_CoreAssets\rb_cma_ComApplication\rb_cap_RxCanApplication;1948;0;0;95;0
rb_cdp_TxCanDataProcessor.obj;rb_ca_CoreAssets\rb_cma_ComApplication\rb_cap_TxCanApplication;570;0;0;0;0
rb_cfge_NvmInitValues_EeCfg.obj;rb_cfg_Config\rb_cfge_ConfigEe\rb_cfes_ConfigEeSystemSW;1352;0;0;0;0
rb_cfh_CustCanFaultHandler.obj;rb_cl_CustLib\rb_cma_CustComApplication\rb_cap_CustFmCanApplication;710;0;0;4;0
rb_cfh_FmCanFaultHandler.obj;rb_ca_CoreAssets\rb_cma_ComApplication\rb_cap_FmCanApplication;224;0;0;5;0
rb_ci_ComInterface.obj;rb_ca_CoreAssets\rb_coms_ComStack\rb_ci_ComInterface;86;0;0;0;0
rb_cia_CanInterfaceAlgo.obj;rb_ca_CoreAssets\rb_alg_Algo\rb_cia_CanInterfaceAlgo;12;0;0;10;0
rb_ciai_CanInterfaceAlgoInterface.obj;rb_ca_CoreAssets\rb_alg_Algo\rb_cia_CanInterfaceAlgo;292;0;0;0;0
rb_cmem_CustMemoryMgt.obj;rb_cl_CustLib\rb_mems_CustMemoryStack\rb_cmem_CustMemoryMgt;168;0;0;0;0
rb_co_CrashOutput_EeCfg.obj;rb_cfg_Config\rb_cfge_ConfigEe\rb_cfes_ConfigEeSystemSW;36;0;0;0;0
rb_co_CrashOutput_RomCfg.obj;rb_cfg_Config\rb_cfgr_ConfigRom\rb_cfrs_ConfigRomSystemSW;48;0;0;0;0
rb_co_CustCrashOutput.obj;rb_cl_CustLib\rb_cd_CustComplexDrivers\rb_co_CustCrashOutput;1016;0;0;34;0
rb_coas_AnalogSignalGenerator.obj;rb_ca_CoreAssets\rb_cd_ComplexDrivers\rb_co_CrashOutput;570;0;0;48;0
rb_coi_CrashOutputInterface.obj;rb_ca_CoreAssets\rb_cd_ComplexDrivers\rb_co_CrashOutput;52;0;0;0;0
rb_cosc_CustCOSystemCallback.obj;rb_cl_CustLib\rb_cd_CustComplexDrivers\rb_co_CustCrashOutput;4;0;0;0;0
rb_cotm_TriggerMgt.obj;rb_ca_CoreAssets\rb_cd_ComplexDrivers\rb_co_CrashOutput;28;0;0;8;0
rb_cs6i_Sma6Initialisation.obj;rb_ca_CoreAssets\rb_cd_ComplexDrivers\rb_csem_CentralSensorMgt;9114;0;0;307;0
rb_cs6m_Sma6Manager.obj;rb_ca_CoreAssets\rb_cd_ComplexDrivers\rb_csem_CentralSensorMgt;2944;0;0;110;0
rb_cs7c_Smi7Communication.obj;rb_ca_CoreAssets\rb_cd_ComplexDrivers\rb_csem_CentralSensorMgt;3882;0;0;174;0
rb_cs7g_Smi78ConfigServices.obj;rb_ca_CoreAssets\rb_cd_ComplexDrivers\rb_csem_CentralSensorMgt;478;0;0;3;0
rb_cs7m_Smi7Manager.obj;rb_ca_CoreAssets\rb_cd_ComplexDrivers\rb_csem_CentralSensorMgt;4826;0;0;135;0
rb_cs8p_Smi8SoftProgramming.obj;rb_ca_CoreAssets\rb_cd_ComplexDrivers\rb_csem_CentralSensorMgt;1846;0;0;11;0
rb_csdm_CustSafeDataMgt.obj;rb_cl_CustLib\rb_mems_CustMemoryStack\rb_csdm_CustSafeDataMgt;96;0;0;16;0
rb_csei_CentralSensorInterface.obj;rb_ca_CoreAssets\rb_cd_ComplexDrivers\rb_csem_CentralSensorMgt;8;0;0;0;0
rb_csem_CentralSensorManager.obj;rb_ca_CoreAssets\rb_cd_ComplexDrivers\rb_csem_CentralSensorMgt;620;0;0;48;0
rb_csem_CentralSensorMgt_Cfg.obj;rb_cfg_Config\rb_cfgi_ConfigImplementation\rb_cfis_ConfigImplSystemSW;132;0;0;60;0
rb_csem_CustCentralSensorMgt.obj;rb_cl_CustLib\rb_cd_CustComplexDrivers\rb_csem_CustCentralSensorMgt;102;0;0;1;0
rb_csev_RampUpVerification.obj;rb_ca_CoreAssets\rb_cd_ComplexDrivers\rb_csem_CentralSensorMgt;1622;0;0;208;0
rb_csh_CustCanStateHandler.obj;rb_cl_CustLib\rb_cma_CustComApplication\rb_cap_CustFmCanApplication;1804;0;0;40;0
rb_cti_TransceiverInterface.obj;rb_ca_CoreAssets\rb_coms_ComStack\rb_ci_ComInterface;28;0;0;0;0
rb_dcbm_BufferManager.obj;rb_ca_CoreAssets\rb_sys_SystemServices\rb_dcs_DataCollectorSystem;982;0;0;12;0
rb_dcbm_BufferManagerInterface.obj;rb_ca_CoreAssets\rb_sys_SystemServices\rb_dcs_DataCollectorSystem;322;0;0;0;0
rb_dcc_CommunicationControl.obj;rb_ca_CoreAssets\rb_ds_DiagStack\rb_dsm_DiagnosticServiceMgt\rb_dcc_CommunicationControl;206;0;0;3;0
rb_dcc_CommunicationControl_RomCfg.obj;rb_cfg_Config\rb_cfgr_ConfigRom\rb_cfrs_ConfigRomSystemSW;4;0;0;1;0
rb_dcc_DCController.obj;rb_ca_CoreAssets\rb_sys_SystemServices\rb_dcs_DataCollectorSystem;4757;0;0;201;4992
rb_dcc_DCController_Cfg.obj;rb_cfg_Config\rb_cfgi_ConfigImplementation\rb_cfis_ConfigImplSystemSW;354;0;0;0;0
rb_dcci_DCControllerInterface.obj;rb_ca_CoreAssets\rb_sys_SystemServices\rb_dcs_DataCollectorSystem;122;0;0;0;0
rb_dcdd_DynamicDataSampler.obj;rb_ca_CoreAssets\rb_sys_SystemServices\rb_dcs_DataCollectorSystem;3436;0;0;538;0
rb_dcdd_DynamicDataSamplerInterface.obj;rb_ca_CoreAssets\rb_sys_SystemServices\rb_dcs_DataCollectorSystem;974;0;0;24;0
rb_dcdd_DynamicDataSampler_Cfg.obj;rb_cfg_Config\rb_cfgi_ConfigImplementation\rb_cfis_ConfigImplSystemSW;708;0;0;0;0
rb_dcdi_ClearDiagnosticInformation.obj;rb_ca_CoreAssets\rb_ds_DiagStack\rb_dsm_DiagnosticServiceMgt\rb_dcdi_ClearDiagnosticInformation;74;0;0;0;0
rb_dcds_ControlDTCSetting.obj;rb_ca_CoreAssets\rb_ds_DiagStack\rb_dsm_DiagnosticServiceMgt\rb_dcds_ControlDTCSetting;194;0;0;3;0
rb_dcds_ControlDTCSetting_RomCfg.obj;rb_cfg_Config\rb_cfgr_ConfigRom\rb_cfrs_ConfigRomSystemSW;20;0;0;0;0
rb_dcds_DataSampler.obj;rb_ca_CoreAssets\rb_sys_SystemServices\rb_dcs_DataCollectorSystem;3463;0;0;133;0
rb_dcds_DataSamplerInterface.obj;rb_ca_CoreAssets\rb_sys_SystemServices\rb_dcs_DataCollectorSystem;136;0;0;0;0
rb_dcrm_ReportManager.obj;rb_ca_CoreAssets\rb_sys_SystemServices\rb_dcs_DataCollectorSystem;4996;0;0;514;0
rb_dcrm_ReportManager_Cfg.obj;rb_cfg_Config\rb_cfgi_ConfigImplementation\rb_cfis_ConfigImplSystemSW;8020;0;0;0;0
rb_dcsm_StorageManager.obj;rb_ca_CoreAssets\rb_sys_SystemServices\rb_dcs_DataCollectorSystem;4681;0;0;196;0
rb_ddsc_CustDiagnosticSessionControl.obj;rb_cl_CustLib\rb_dsm_CustDiagnosticServiceMgt\rb_ddsc_CustDiagnosticSessionControl;138;0;0;0;0
rb_ddsc_DiagnosticSessionControl_RomCfg.obj;rb_cfg_Config\rb_cfgr_ConfigRom\rb_cfrs_ConfigRomSystemSW;20;0;0;0;0
rb_deim_CustElectronicIntegrationMode.obj;rb_cl_CustLib\rb_dsm_CustDiagnosticServiceMgt\rb_deim_CustElectronicIntegrationMode;1050;0;0;29;0
rb_deim_CustElectronicIntegrationMode_EeCfg.obj;rb_cfg_Config\rb_cfge_ConfigEe\rb_cfes_ConfigEeSystemSW;2;0;0;0;0
rb_dem_Bfm.obj;rb_ca_CoreAssets\rb_sys_SystemServices\rb_dem_FaultMgt;136;0;0;1;0
rb_dem_Clear.obj;rb_ca_CoreAssets\rb_sys_SystemServices\rb_dem_FaultMgt;164;0;0;2;0
rb_dem_DisableEvent.obj;rb_ca_CoreAssets\rb_sys_SystemServices\rb_dem_FaultMgt;58;0;0;0;0
rb_dem_EventChanged.obj;rb_ca_CoreAssets\rb_sys_SystemServices\rb_dem_FaultMgt;454;0;0;96;0
rb_dem_FaultMgt_Cfg.obj;rb_cfg_Config\rb_cfgi_ConfigImplementation\rb_cfis_ConfigImplSystemSW;2;0;0;0;0
rb_dem_GetEnvironmentData.obj;rb_ca_CoreAssets\rb_sys_SystemServices\rb_dem_FaultMgt;230;0;0;0;0
rb_dem_PsWrapperToDem.obj;rb_ca_CoreAssets\rb_sys_SystemServices\rb_dem_FaultMgt;427;0;0;1;0
rb_demc_CustFaultMgtMain.obj;rb_cl_CustLib\rb_sys_CustSystemServices\rb_demc_CustFaultMgt;984;0;0;4;0
rb_demi_ClearInterface.obj;rb_ca_CoreAssets\rb_sys_SystemServices\rb_dem_FaultMgt;8;0;0;0;0
rb_demi_DisableEventInterface.obj;rb_ca_CoreAssets\rb_sys_SystemServices\rb_dem_FaultMgt;4;0;0;0;0
rb_demi_EventChangedInterface.obj;rb_ca_CoreAssets\rb_sys_SystemServices\rb_dem_FaultMgt;2;0;0;0;0
rb_demi_GetEnvironmentDataInterface.obj;rb_ca_CoreAssets\rb_sys_SystemServices\rb_dem_FaultMgt;32;0;0;0;0
rb_demi_PsWrapperToDemInterface.obj;rb_ca_CoreAssets\rb_sys_SystemServices\rb_dem_FaultMgt;50;0;0;0;0
rb_der_ECUReset.obj;rb_ca_CoreAssets\rb_ds_DiagStack\rb_dsm_DiagnosticServiceMgt\rb_der_ECUReset;162;0;0;1;0
rb_der_ECUReset_RomCfg.obj;rb_cfg_Config\rb_cfgr_ConfigRom\rb_cfrs_ConfigRomSystemSW;20;0;0;0;0
rb_dioc_CrashActuatorTest.obj;rb_ca_CoreAssets\rb_ds_DiagStack\rb_dsm_DiagnosticServiceMgt\rb_dioc_InputOutputControlByIdentifier;288;0;0;5;0
rb_dioc_CrashActuatorTest_RomCfg.obj;rb_cfg_Config\rb_cfgr_ConfigRom\rb_cfrs_ConfigRomSystemSW;24;0;0;0;0
rb_dioc_CustInputOutputControlByIdentifier.obj;rb_cl_CustLib\rb_dsm_CustDiagnosticServiceMgt\rb_dioc_CustInputOutputControlByIdentifier;688;0;0;6;0
rb_dioc_InputOutputControlByIdentifier.obj;rb_ca_CoreAssets\rb_ds_DiagStack\rb_dsm_DiagnosticServiceMgt\rb_dioc_InputOutputControlByIdentifier;502;0;0;6;0
rb_dioc_InputOutputControlByIdentifier_RomCfg.obj;rb_cfg_Config\rb_cfgr_ConfigRom\rb_cfrs_ConfigRomSystemSW;268;0;0;0;0
rb_dmdm_DeploymentMgt.obj;rb_ca_CoreAssets\rb_cd_ComplexDrivers\rb_dis_DisposalMgt;1176;0;0;40;0
rb_dmem_ElectronicfiringMgt.obj;rb_ca_CoreAssets\rb_cd_ComplexDrivers\rb_dis_DisposalMgt;822;0;0;14;0
rb_dmim_ISOcommMgt_EeCfg.obj;rb_cfg_Config\rb_cfge_ConfigEe\rb_cfes_ConfigEeSystemSW;48;0;0;48;0
rb_dmim_ISOcommMgt_RomCfg.obj;rb_cfg_Config\rb_cfgr_ConfigRom\rb_cfrs_ConfigRomSystemSW;116;0;0;6;0
rb_dpr_DynamicPreconditionResolverInterface.obj;rb_ca_CoreAssets\rb_sys_SystemServices\rb_ssu_SystemStartup;108;0;0;2;0
rb_drc_CustRoutineControl.obj;rb_cl_CustLib\rb_dsm_CustDiagnosticServiceMgt\rb_drc_CustRoutineControl;0;0;0;5;0
rb_drc_RoutineControl.obj;rb_ca_CoreAssets\rb_ds_DiagStack\rb_dsm_DiagnosticServiceMgt\rb_drc_RoutineControl;1012;0;0;11;0
rb_drc_RoutineControl_RomCfg.obj;rb_cfg_Config\rb_cfgr_ConfigRom\rb_cfrs_ConfigRomSystemSW;48;0;0;0;0
rb_drdi_CustReadDataByIdentifier.obj;rb_cl_CustLib\rb_dsm_CustDiagnosticServiceMgt\rb_drdi_CustReadDataByIdentifier;0;0;0;3;0
rb_drdi_CustReadDataByIdentifier_RomCfg.obj;rb_cfg_Config\rb_cfgr_ConfigRom\rb_cfrs_ConfigRomSystemSW;0;0;0;20;0
rb_drdi_EndOfLineConfiguration.obj;rb_ca_CoreAssets\rb_ds_DiagStack\rb_dsm_DiagnosticServiceMgt\rb_drdi_ReadDataByIdentifier;500;0;0;24;0
rb_drdi_ReadCrashRecorderData.obj;rb_ca_CoreAssets\rb_ds_DiagStack\rb_dsm_DiagnosticServiceMgt\rb_drdi_ReadDataByIdentifier;138;0;0;0;0
rb_drdi_ReadCrashRecorderData_EeCfg.obj;rb_cfg_Config\rb_cfge_ConfigEe\rb_cfes_ConfigEeSystemSW;20;0;0;20;0
rb_drdi_ReadCrashRecorderData_RomCfg.obj;rb_cfg_Config\rb_cfgr_ConfigRom\rb_cfrs_ConfigRomSystemSW;20;0;0;0;0
rb_drdi_ReadDataByIdentifier.obj;rb_ca_CoreAssets\rb_ds_DiagStack\rb_dsm_DiagnosticServiceMgt\rb_drdi_ReadDataByIdentifier;1820;0;0;20;0
rb_drdi_ReadDataByIdentifier_RomCfg.obj;rb_cfg_Config\rb_cfgr_ConfigRom\rb_cfrs_ConfigRomSystemSW;1288;0;0;0;0
rb_drmi_ReportManagerInterface.obj;rb_ca_CoreAssets\rb_sys_SystemServices\rb_dcs_DataCollectorSystem;2198;0;0;0;0
rb_dsa_CustSecurityAccess.obj;rb_cl_CustLib\rb_dsm_CustDiagnosticServiceMgt\rb_dsa_CustSecurityAccess;358;0;0;6;0
rb_dsa_DataSamplerAlgo.obj;rb_ca_CoreAssets\rb_alg_Algo\rb_dsa_DataSamplerAlgo;892;0;0;295;0
rb_dsa_DataSamplerAlgoFront.obj;rb_ca_CoreAssets\rb_alg_Algo\rb_dsa_DataSamplerAlgo;1260;0;0;59;0
rb_dsa_DataSamplerAlgoGen.obj;rb_ca_CoreAssets\rb_alg_Algo\rb_dsa_DataSamplerAlgo;348;0;0;6;0
rb_dsa_DataSamplerAlgoPep.obj;rb_ca_CoreAssets\rb_alg_Algo\rb_dsa_DataSamplerAlgo;964;0;0;51;0
rb_dsa_DataSamplerAlgoRear.obj;rb_ca_CoreAssets\rb_alg_Algo\rb_dsa_DataSamplerAlgo;414;0;0;16;0
rb_dsa_DataSamplerAlgoSide.obj;rb_ca_CoreAssets\rb_alg_Algo\rb_dsa_DataSamplerAlgo;696;0;0;44;0
rb_dsa_SecurityAccess.obj;rb_ca_CoreAssets\rb_ds_DiagStack\rb_dsm_DiagnosticServiceMgt\rb_dsa_SecurityAccess;388;0;0;14;0
rb_dsa_SecurityAccess_EeCfg.obj;rb_cfg_Config\rb_cfge_ConfigEe\rb_cfes_ConfigEeSystemSW;1;0;0;1;0
rb_dsa_SecurityAccess_RomCfg.obj;rb_cfg_Config\rb_cfgr_ConfigRom\rb_cfrs_ConfigRomSystemSW;20;0;0;0;0
rb_dsai_CustDataSampler.obj;rb_cl_CustLib\rb_algc_CustAlgoFunctions\rb_dsai_CustDataSampler;16;0;0;0;0
rb_dsai_DataSamplerAlgoInterface.obj;rb_ca_CoreAssets\rb_alg_Algo\rb_dsa_DataSamplerAlgo;18;0;0;0;0
rb_dsm_CustDSMInterface.obj;rb_cl_CustLib\rb_dsm_CustDiagnosticServiceMgt\rb_dsm_CustDSMInterface;402;0;0;5;0
rb_dsm_DCMApplCommon.obj;rb_ca_CoreAssets\rb_ds_DiagStack\rb_dsm_DiagnosticServiceMgt\rb_dsm_DSMInterface;482;0;0;1;0
rb_dsm_DCMApplInterface.obj;rb_ca_CoreAssets\rb_ds_DiagStack\rb_dsm_DiagnosticServiceMgt\rb_dsm_DSMInterface;334;0;0;2;0
rb_dsm_DiagnosticServiceInterface.obj;rb_ca_CoreAssets\rb_ds_DiagStack\rb_dsm_DiagnosticServiceMgt\rb_dsm_DSMInterface;178;0;0;1;0
rb_dsm_DiagnosticServiceMgt.obj;rb_ca_CoreAssets\rb_ds_DiagStack\rb_dsm_DiagnosticServiceMgt\rb_dsm_DSMInterface;880;0;0;14;0
rb_dsm_DiagnosticServiceMgt_RomCfg.obj;rb_cfg_Config\rb_cfgr_ConfigRom\rb_cfrs_ConfigRomSystemSW;28;0;0;0;0
rb_dsmi_StorageManagerInterface.obj;rb_ca_CoreAssets\rb_sys_SystemServices\rb_dcs_DataCollectorSystem;4;0;0;0;0
rb_dwdi_CustWriteDataByIdentifier.obj;rb_cl_CustLib\rb_dsm_CustDiagnosticServiceMgt\rb_dwdi_CustWriteDataByIdentifier;234;0;0;8;0
rb_dwdi_EndOfLineConfiguration.obj;rb_ca_CoreAssets\rb_ds_DiagStack\rb_dsm_DiagnosticServiceMgt\rb_dwdi_WriteDataByIdentifier;2014;0;0;134;0
rb_dwdi_EndOfLineConfiguration_RomCfg.obj;rb_cfg_Config\rb_cfgr_ConfigRom\rb_cfrs_ConfigRomSystemSW;200;0;0;12;0
rb_dwdi_WriteDataByIdentifier.obj;rb_ca_CoreAssets\rb_ds_DiagStack\rb_dsm_DiagnosticServiceMgt\rb_dwdi_WriteDataByIdentifier;454;0;0;8;0
rb_dwdi_WriteDataByIdentifier_EeCfg.obj;rb_cfg_Config\rb_cfge_ConfigEe\rb_cfes_ConfigEeSystemSW;28;0;0;26;0
rb_dwdi_WriteDataByIdentifier_RomCfg.obj;rb_cfg_Config\rb_cfgr_ConfigRom\rb_cfrs_ConfigRomSystemSW;224;0;0;0;0
rb_edp_EnvDataPreparation.obj;rb_ca_CoreAssets\rb_alg_Algo\rb_edp_EnvDataPreparation;1054;0;0;28;0
rb_edpi_EnvDataPreparationInterface.obj;rb_ca_CoreAssets\rb_alg_Algo\rb_edp_EnvDataPreparation;176;0;0;4;0
rb_evm_EventManager.obj;rb_ca_CoreAssets\rb_alg_Algo\rb_evm_EventManager;2240;0;0;47;0
rb_evmi_CustEventManager.obj;rb_cl_CustLib\rb_algc_CustAlgoFunctions\rb_evmi_CustEventManager;208;0;0;6;0
rb_evmi_EventManagerInterface.obj;rb_ca_CoreAssets\rb_alg_Algo\rb_evm_EventManager;8;0;0;0;0
rb_fcl_EdrLockCT_EeCfg.obj;rb_cfg_Config\rb_cfgi_ConfigImplementation\rb_cfia_AutoFireConParameters;56;0;0;0;0
rb_fcl_FireControlLogical.obj;rb_ca_CoreAssets\rb_alg_Algo\rb_fcl_FireControlLogical;1262;0;0;329;0
rb_fcl_FireSeqParameters_EeCfg.obj;rb_cfg_Config\rb_cfgi_ConfigImplementation\rb_cfia_AutoFireConParameters;484;0;0;0;0
rb_fclb_FireControlBackground.obj;rb_ca_CoreAssets\rb_alg_Algo\rb_fcl_FireControlLogical;1092;0;0;1620;0
rb_fcli_CustFclFunctions.obj;rb_cl_CustLib\rb_algc_CustAlgoFunctions\rb_fcli_CustFclFunctions;98;0;0;0;0
rb_fcli_FireControlLogicalInterface.obj;rb_ca_CoreAssets\rb_alg_Algo\rb_fcl_FireControlLogical;42;0;0;0;0
rb_flc_ChebyshevLowPassFilter.obj;rb_ca_CoreAssets\rb_sys_SystemServices\rb_fl_FilterLibrary;204;0;0;0;0
rb_itm_InitialTestMgt.obj;rb_ca_CoreAssets\rb_sys_SystemServices\rb_ssu_SystemStartup;1734;0;0;95;0
rb_itmi_InitialTestMgtInterface.obj;rb_ca_CoreAssets\rb_sys_SystemServices\rb_ssu_SystemStartup;10;0;0;0;0
rb_lfm_LifeTimeFaultManager.obj;rb_ca_CoreAssets\rb_sys_SystemServices\rb_lfm_LifeTimeFaultManager;522;0;0;37;0
rb_lfm_LifeTimeFaultManager_EeCfg.obj;rb_cfg_Config\rb_cfge_ConfigEe\rb_cfes_ConfigEeSystemSW;32;0;0;0;0
rb_lfm_LifeTimeFaultManager_RomCfg.obj;rb_cfg_Config\rb_cfgr_ConfigRom\rb_cfrs_ConfigRomSystemSW;60;0;0;0;0
rb_mcs_MicrocontrollerInitRenR1X.obj;rb_ca_CoreAssets\rb_mcd_McDrivers\rb_mcs_MicrocontrollerStartup\rb_mcs_MicrocontrollerStartupRenR1X;348;0;0;0;0
rb_mcs_MicrocontrollerStartupRenR1X.obj;rb_ca_CoreAssets\rb_mcd_McDrivers\rb_mcs_MicrocontrollerStartup\rb_mcs_MicrocontrollerStartupRenR1X;166;0;0;36;0
rb_mem_MemoryManagement.obj;rb_ca_CoreAssets\rb_mems_MemoryStack\rb_mem_MemoryMgt;784;0;0;47;0
rb_mmi_BasicSwMgtInterface.obj;rb_ca_CoreAssets\rb_sys_SystemServices\rb_mm_ModeManagement;6;0;0;0;0
rb_poma_AdaptiveEnergyReserveCharging.obj;rb_ca_CoreAssets\rb_cd_ComplexDrivers\rb_pom_PowerMgt;684;0;0;26;0
rb_pome_energyreserve.obj;rb_ca_CoreAssets\rb_cd_ComplexDrivers\rb_pom_PowerMgt;9380;0;0;172;0
rb_pomi_VoltageMonitoringInterface.obj;rb_ca_CoreAssets\rb_cd_ComplexDrivers\rb_pom_PowerMgt;8;0;0;0;0
rb_pomm_powermanager.obj;rb_ca_CoreAssets\rb_cd_ComplexDrivers\rb_pom_PowerMgt;400;0;0;2;0
rb_pomm_powermanager_Cfg.obj;rb_cfg_Config\rb_cfgi_ConfigImplementation\rb_cfis_ConfigImplSystemSW;320;0;0;98;0
rb_pomp_powersupply.obj;rb_ca_CoreAssets\rb_cd_ComplexDrivers\rb_pom_PowerMgt;2808;0;0;49;0
rb_pomr_RangeMonitoring.obj;rb_ca_CoreAssets\rb_cd_ComplexDrivers\rb_pom_PowerMgt;386;0;0;24;0
rb_pomv_voltagemonitoring.obj;rb_ca_CoreAssets\rb_cd_ComplexDrivers\rb_pom_PowerMgt;2354;0;0;76;0
rb_pral_ProdiagApplication.obj;rb_ca_CoreAssets\rb_ds_DiagStack\rb_prod_ProductionDiagnosis;2452;32;0;67;0
rb_prcf_ProdiagCrashRecorderFunc.obj;rb_ca_CoreAssets\rb_ds_DiagStack\rb_prod_ProductionDiagnosis;780;0;0;11;0
rb_prd_ProductionDiagnosis_EeCfg.obj;rb_cfg_Config\rb_cfge_ConfigEe\rb_cfes_ConfigEeSystemSW;72;0;0;188;0
rb_prd_ProductionDiagnosis_RomCfg.obj;rb_cfg_Config\rb_cfgr_ConfigRom\rb_cfrs_ConfigRomSystemSW;340;0;0;0;0
rb_prdi_ProdiagInterface.obj;rb_ca_CoreAssets\rb_ds_DiagStack\rb_prod_ProductionDiagnosis;574;0;0;1945;0
rb_prdp_ProdiagProtocol.obj;rb_ca_CoreAssets\rb_ds_DiagStack\rb_prod_ProductionDiagnosis;424;0;0;311;0
rb_prdr_ProdiagDataRead.obj;rb_ca_CoreAssets\rb_ds_DiagStack\rb_prod_ProductionDiagnosis;1726;0;0;46;0
rb_prds_ProdiagDownloadServices.obj;rb_ca_CoreAssets\rb_ds_DiagStack\rb_prod_ProductionDiagnosis;84;0;0;10;0
rb_prfd_ProdiagFastDiagnosisCAN.obj;rb_ca_CoreAssets\rb_ds_DiagStack\rb_prod_ProductionDiagnosis;1446;0;0;30;0
rb_prfm_ProdiagFltMgtFunc.obj;rb_ca_CoreAssets\rb_ds_DiagStack\rb_prod_ProductionDiagnosis;2544;0;0;42;0
rb_prhs_ProdiagHealthStatus.obj;rb_ca_CoreAssets\rb_ds_DiagStack\rb_prod_ProductionDiagnosis;640;0;0;6;0
rb_pric_PrdInitandCyclicHandler.obj;rb_ca_CoreAssets\rb_ds_DiagStack\rb_prod_ProductionDiagnosis;44;0;0;0;0
rb_prlf_ProdiagLoginFunc.obj;rb_ca_CoreAssets\rb_ds_DiagStack\rb_prod_ProductionDiagnosis;1026;0;0;49;0
rb_prms_ProdiagMiscFunc.obj;rb_ca_CoreAssets\rb_ds_DiagStack\rb_prod_ProductionDiagnosis;3083;0;0;27;0
rb_prnm_ProdiagNVMHandler.obj;rb_ca_CoreAssets\rb_ds_DiagStack\rb_prod_ProductionDiagnosis;2074;0;0;232;0
rb_prwr_ProdiagWriteData.obj;rb_ca_CoreAssets\rb_ds_DiagStack\rb_prod_ProductionDiagnosis;932;0;0;17;0
rb_psac_AccelerationSensor.obj;rb_ca_CoreAssets\rb_cd_ComplexDrivers\rb_psem_PeripheralSensorMgt;670;0;0;0;0
rb_psei_PeripheralSensorInterface.obj;rb_ca_CoreAssets\rb_cd_ComplexDrivers\rb_psem_PeripheralSensorMgt;100;0;0;0;0
rb_psem_PeripheralSensorMgt_Cfg.obj;rb_cfg_Config\rb_cfgi_ConfigImplementation\rb_cfis_ConfigImplSystemSW;172;0;0;132;0
rb_psgp_GenericPsIf.obj;rb_ca_CoreAssets\rb_cd_ComplexDrivers\rb_psem_PeripheralSensorMgt;3962;0;0;177;0
rb_psgs_GenericSensor.obj;rb_ca_CoreAssets\rb_cd_ComplexDrivers\rb_psem_PeripheralSensorMgt;3658;0;0;32;0
rb_psic_PsIfCobra.obj;rb_ca_CoreAssets\rb_cd_ComplexDrivers\rb_psem_PeripheralSensorMgt;4910;0;0;30;0
rb_pspr_PressureSensor.obj;rb_ca_CoreAssets\rb_cd_ComplexDrivers\rb_psem_PeripheralSensorMgt;1986;0;0;48;0
rb_pssm_SensorManager.obj;rb_ca_CoreAssets\rb_cd_ComplexDrivers\rb_psem_PeripheralSensorMgt;3412;0;0;717;0
rb_res_ResetFunction.obj;rb_ca_CoreAssets\rb_sys_SystemServices\rb_res_ResetFunction;524;0;0;32;0
rb_res_ResetFunction_Cfg.obj;rb_cfg_Config\rb_cfgi_ConfigImplementation\rb_cfis_ConfigImplSystemSW;12;0;0;0;0
rb_resi_ResetFunctionInterface.obj;rb_ca_CoreAssets\rb_sys_SystemServices\rb_res_ResetFunction;6;0;0;0;0
rb_rma_ReleaseMatrix.obj;rb_ca_CoreAssets\rb_alg_Algo\rb_rma_ReleaseMatrix;508;0;0;317;0
rb_rma_ReleaseSeqParameters_EeCfg.obj;rb_cfg_Config\rb_cfgi_ConfigImplementation\rb_cfia_AutoFireConParameters;296;0;0;0;0
rb_rmai_CustReleaseMatrix.obj;rb_cl_CustLib\rb_algc_CustAlgoFunctions\rb_rmai_CustReleaseMatrix;358;0;0;1;0
rb_rmai_ReleaseMatrixInterface.obj;rb_ca_CoreAssets\rb_alg_Algo\rb_rma_ReleaseMatrix;94;0;0;0;0
rb_rstd_ResetDriverRenR1x.obj;rb_ca_CoreAssets\rb_mcd_McDrivers\rb_rst_ResetDriver\rb_rstd_ResetDriverRenR1x;310;0;0;9;0
rb_rstm_ResetManager.obj;rb_ca_CoreAssets\rb_mcd_McDrivers\rb_rst_ResetDriver;214;0;0;12;0
rb_rstm_ResetManager_Cfg.obj;rb_cfg_Config\rb_cfgi_ConfigImplementation\rb_cfis_ConfigImplSystemSW;8;0;0;0;0
rb_rt_CustRealtimeProcess.obj;rb_cl_CustLib\rb_sys_CustSystemServices\rb_br_CustBackgroundRealtime;2;0;0;0;0
rb_rt_RealtimeProcess.obj;rb_ca_CoreAssets\rb_sys_SystemServices\rb_br_BackgroundRealtime;404;0;0;42;0
rb_rtif_RealtimeProcessInterface.obj;rb_ca_CoreAssets\rb_sys_SystemServices\rb_br_BackgroundRealtime;2;0;0;0;0
rb_sbr_CustSeatBeltReminder.obj;rb_cl_CustLib\rb_cd_CustComplexDrivers\rb_sbr_CustSeatBeltReminderMgt;1460;0;0;65;0
rb_scdl_DisableLineMgt.obj;rb_ca_CoreAssets\rb_cd_ComplexDrivers\rb_scm_SafetyControllerMgt;456;0;0;2;0
rb_scse_SensorSafetyPathMgt.obj;rb_ca_CoreAssets\rb_cd_ComplexDrivers\rb_scm_SafetyControllerMgt;3954;0;0;46;0
rb_sdm_SafeDataMgt.obj;rb_ca_CoreAssets\rb_mems_MemoryStack\rb_sdm_SafeDataMgt;5122;0;0;132;0
rb_sdm_SafeDataMgt_EeCfg.obj;rb_cfg_Config\rb_cfge_ConfigEe\rb_cfes_ConfigEeSystemSW;20;0;0;12;0
rb_sdm_SafeDataMgt_RomCfg.obj;rb_cfg_Config\rb_cfgr_ConfigRom\rb_cfrs_ConfigRomSystemSW;560;0;0;0;0
rb_sdmi_SdmInterface.obj;rb_ca_CoreAssets\rb_mems_MemoryStack\rb_sdm_SafeDataMgt;10;0;0;0;0
rb_sfcm_ClockMonitoring.obj;rb_ca_CoreAssets\rb_mcd_McDrivers\rb_sft_SafetySoftware;610;0;0;3;0
rb_sfcs_CoreSelfTestMAEDispatchASM.obj;rb_ca_CoreAssets\rb_mcd_McDrivers\rb_sft_SafetySoftware\rb_sfcs_CoreSelfTestRenR1X;48;0;0;0;0
rb_sfcs_CoreSelfTestRenR1X.obj;rb_ca_CoreAssets\rb_mcd_McDrivers\rb_sft_SafetySoftware\rb_sfcs_CoreSelfTestRenR1X;964;0;0;76;0
rb_sfh_SensorFilterHandler.obj;rb_ca_CoreAssets\rb_cd_ComplexDrivers\rb_sfh_SensorFilterHandler;330;0;0;72;0
rb_sfh_SensorFilterHandler_Cfg.obj;rb_cfg_Config\rb_cfgi_ConfigImplementation\rb_cfis_ConfigImplSystemSW;36;0;0;16;0
rb_sfit_InterruptControllerTest.obj;rb_ca_CoreAssets\rb_mcd_McDrivers\rb_sft_SafetySoftware\rb_sftc_SafetySWCore;320;0;0;8;0
rb_sfra_RamTest.obj;rb_ca_CoreAssets\rb_mcd_McDrivers\rb_sft_SafetySoftware;1274;0;0;269;0
rb_sfro_RomTest.obj;rb_ca_CoreAssets\rb_mcd_McDrivers\rb_sft_SafetySoftware;1318;0;0;133;0
rb_sfsm_StackMonitoring.obj;rb_ca_CoreAssets\rb_mcd_McDrivers\rb_sft_SafetySoftware;254;0;0;5334;0
rb_sfsm_stackmonitoringasm.obj;rb_ca_CoreAssets\rb_mcd_McDrivers\rb_sft_SafetySoftware;4;0;0;0;0
rb_sft_SafetySoftware_RomCfg.obj;rb_cfg_Config\rb_cfgr_ConfigRom\rb_cfrs_ConfigRomSystemSW;40;0;0;0;0
rb_sfvm_CoreVoltageMonitoring.obj;rb_ca_CoreAssets\rb_mcd_McDrivers\rb_sft_SafetySoftware;458;0;0;3;0
rb_si_CustSystemInitialization.obj;rb_cl_CustLib\rb_sys_CustSystemServices\rb_ssu_CustSystemStartup;44;0;0;0;0
rb_si_SystemInitialization.obj;rb_ca_CoreAssets\rb_sys_SystemServices\rb_ssu_SystemStartup;858;0;0;32;0
rb_sia5_SensorInterfaceAlgoSMA560.obj;rb_ca_CoreAssets\rb_alg_Algo\rb_sia_SensorInterfaceAlgo;658;0;0;20;0
rb_sia7_SensorInterfaceAlgoSmi7xx.obj;rb_ca_CoreAssets\rb_alg_Algo\rb_sia_SensorInterfaceAlgo;667;0;0;2;0
rb_siai_SensorInterfaceAlgoInterface.obj;rb_ca_CoreAssets\rb_alg_Algo\rb_sia_SensorInterfaceAlgo;28;0;0;0;0
rb_siam_SensorInterfaceAlgo.obj;rb_ca_CoreAssets\rb_alg_Algo\rb_sia_SensorInterfaceAlgo;48;0;0;97;0
rb_siap_SensorInterfaceAlgoPES.obj;rb_ca_CoreAssets\rb_alg_Algo\rb_sia_SensorInterfaceAlgo;428;0;0;0;0
rb_siif_SystemInitializationInterface.obj;rb_ca_CoreAssets\rb_sys_SystemServices\rb_ssu_SystemStartup;2;0;0;0;0
rb_simc_CentralSensorMonitoring.obj;rb_ca_CoreAssets\rb_alg_Algo\rb_sim_SensorInterfaceMonitoring;2042;0;0;107;0
rb_simm_SensorInterfaceMonMain.obj;rb_ca_CoreAssets\rb_alg_Algo\rb_sim_SensorInterfaceMonitoring;430;0;0;0;0
rb_simp_PeripheralSensorMonitoring.obj;rb_ca_CoreAssets\rb_alg_Algo\rb_sim_SensorInterfaceMonitoring;1176;0;0;49;0
rb_simw_AlgoWatchdog.obj;rb_ca_CoreAssets\rb_alg_Algo\rb_sim_SensorInterfaceMonitoring;598;0;0;7;0
rb_spcc_SpiCsCrossCouplingTestRenR1X.obj;rb_ca_CoreAssets\rb_mcd_McDrivers\rb_spi_SpiDriver\rb_spi_SpiDriverRenR1X;934;0;0;2;0
rb_spcr_SpiCrc.obj;rb_ca_CoreAssets\rb_mcd_McDrivers\rb_spi_SpiDriver;4406;0;0;2;0
rb_spi_SpiDriverRenR1X.obj;rb_ca_CoreAssets\rb_mcd_McDrivers\rb_spi_SpiDriver\rb_spi_SpiDriverRenR1X;2118;0;0;620;0
rb_spi_SpiDriver_Cfg.obj;rb_cfg_Config\rb_cfgi_ConfigImplementation\rb_cfis_ConfigImplSystemSW;40;0;0;0;0
rb_splb_SpiLoopBackTestRenR1X.obj;rb_ca_CoreAssets\rb_mcd_McDrivers\rb_spi_SpiDriver\rb_spi_SpiDriverRenR1X;268;0;0;2;0
rb_sqm_SquibMgt_Cfg.obj;rb_cfg_Config\rb_cfgi_ConfigImplementation\rb_cfis_ConfigImplSystemSW;744;0;0;88;0
rb_sqmc_squibcaptest.obj;rb_ca_CoreAssets\rb_cd_ComplexDrivers\rb_sqm_SquibMgt;520;0;0;15;0
rb_sqmc_squibcctest.obj;rb_ca_CoreAssets\rb_cd_ComplexDrivers\rb_sqm_SquibMgt;894;0;0;19;0
rb_sqmf_squibfiring.obj;rb_ca_CoreAssets\rb_cd_ComplexDrivers\rb_sqm_SquibMgt;1252;0;0;115;0
rb_sqmi_squibmgtInterface.obj;rb_ca_CoreAssets\rb_cd_ComplexDrivers\rb_sqm_SquibMgt;2;0;0;0;0
rb_sqmm_squibmonitoring.obj;rb_ca_CoreAssets\rb_cd_ComplexDrivers\rb_sqm_SquibMgt;2968;0;0;142;0
rb_sqmp_powerstagetest.obj;rb_ca_CoreAssets\rb_cd_ComplexDrivers\rb_sqm_SquibMgt;5618;0;0;533;0
rb_sqms_squibflmamutest.obj;rb_ca_CoreAssets\rb_cd_ComplexDrivers\rb_sqm_SquibMgt;646;0;0;12;0
rb_ssu_SystemStartup_Cfg.obj;rb_cfg_Config\rb_cfgi_ConfigImplementation\rb_cfis_ConfigImplSystemSW;40;0;0;0;0
rb_svr_SafetyVoltageRegulator.obj;rb_ca_CoreAssets\rb_cd_ComplexDrivers\rb_svr_SafetyVoltageRegulator;2434;0;0;52;0
rb_svr_SafetyVoltageRegulator_Cfg.obj;rb_cfg_Config\rb_cfgi_ConfigImplementation\rb_cfis_ConfigImplSystemSW;20;0;0;20;0
rb_swm_CustSwitchManagement.obj;rb_cl_CustLib\rb_cd_CustComplexDrivers\rb_swm_CustSwitchMgt;224;0;0;16;0
rb_swm_SwitchMgt_Cfg.obj;rb_cfg_Config\rb_cfgi_ConfigImplementation\rb_cfis_ConfigImplSystemSW;308;0;0;44;0
rb_swm_switchmanagement.obj;rb_ca_CoreAssets\rb_cd_ComplexDrivers\rb_swm_SwitchMgt;6092;0;0;141;0
rb_swma_analogmeasurementunit.obj;rb_ca_CoreAssets\rb_cd_ComplexDrivers\rb_swm_SwitchMgt;4142;0;0;104;0
rb_swmc_switchConfigAccess.obj;rb_ca_CoreAssets\rb_cd_ComplexDrivers\rb_swm_SwitchMgt;738;0;0;1;0
rb_swmi_switchmgtInterface.obj;rb_ca_CoreAssets\rb_cd_ComplexDrivers\rb_swm_SwitchMgt;516;0;0;0;0
rb_swmp_padsInterface.obj;rb_ca_CoreAssets\rb_cd_ComplexDrivers\rb_swm_SwitchMgt;38;0;0;0;0
rb_swv_CustConfigurationData_EeCfg.obj;rb_cfg_Config\rb_cfge_ConfigEe\rb_cfes_ConfigEeSystemSW;300;0;0;60;0
rb_swv_SoftwareVersion.obj;rb_ca_CoreAssets\rb_util_Utility\rb_swv_SoftwareVersion;270;0;0;1;0
rb_swvc_SoftwareVersion_Cfg.obj;rb_cfg_Config\rb_cfgi_ConfigImplementation\rb_cfis_ConfigImplSystemSW;64;0;0;32;0
rb_syc_CustSysConfigInit.obj;rb_cl_CustLib\rb_sys_CustSystemServices\rb_syc_CustSysConfig;26;0;0;0;0
rb_syca_SysConfAsics.obj;rb_ca_CoreAssets\rb_sys_SystemServices\rb_syc_SysConfig;406;0;0;36;0
rb_syca_SysConfAsics_Cfg.obj;rb_cfg_Config\rb_cfgi_ConfigImplementation\rb_cfis_ConfigImplSystemSW;64;0;0;12;0
rb_sycc_SysConfCs.obj;rb_ca_CoreAssets\rb_sys_SystemServices\rb_syc_SysConfig;1382;0;0;25;0
rb_sycc_SysConfCs_Cfg.obj;rb_cfg_Config\rb_cfgi_ConfigImplementation\rb_cfis_ConfigImplSystemSW;20;0;0;20;0
rb_sycf_SysConfSqm.obj;rb_ca_CoreAssets\rb_sys_SystemServices\rb_syc_SysConfig;136;0;0;4;0
rb_sycf_SysConfSqm_Cfg.obj;rb_cfg_Config\rb_cfgi_ConfigImplementation\rb_cfis_ConfigImplSystemSW;24;0;0;12;0
rb_sycg_SysConfGeneral.obj;rb_ca_CoreAssets\rb_sys_SystemServices\rb_syc_SysConfig;2296;0;0;89;0
rb_sycg_SysConfGeneral_Cfg.obj;rb_cfg_Config\rb_cfgi_ConfigImplementation\rb_cfis_ConfigImplSystemSW;27;0;0;27;0
rb_sycm_SysConfMgr.obj;rb_ca_CoreAssets\rb_sys_SystemServices\rb_syc_SysConfig;228;0;0;1;0
rb_syco_SysConfAOut.obj;rb_ca_CoreAssets\rb_sys_SystemServices\rb_syc_SysConfig;326;0;0;2;0
rb_syco_SysConfAOut_Cfg.obj;rb_cfg_Config\rb_cfgi_ConfigImplementation\rb_cfis_ConfigImplSystemSW;16;0;0;8;0
rb_sycp_SysConfPs.obj;rb_ca_CoreAssets\rb_sys_SystemServices\rb_syc_SysConfig;100;0;0;2;0
rb_sycp_SysConfPs_Cfg.obj;rb_cfg_Config\rb_cfgi_ConfigImplementation\rb_cfis_ConfigImplSystemSW;172;0;0;76;0
rb_sycs_SysConfSwm.obj;rb_ca_CoreAssets\rb_sys_SystemServices\rb_syc_SysConfig;138;0;0;2;0
rb_sycs_SysConfSwm_Cfg.obj;rb_cfg_Config\rb_cfgi_ConfigImplementation\rb_cfis_ConfigImplSystemSW;16;0;0;8;0
rb_tim_TimerServicesRenR1X.obj;rb_ca_CoreAssets\rb_mcd_McDrivers\rb_tim_TimerServices\rb_tim_TimerServicesRenR1X;366;0;0;0;0
rb_tim_TimerServices_EeCfg.obj;rb_cfg_Config\rb_cfge_ConfigEe\rb_cfes_ConfigEeSystemSW;8;0;0;0;0
rb_tim_ecuoperatingtime.obj;rb_ca_CoreAssets\rb_mcd_McDrivers\rb_tim_TimerServices;460;0;0;29;0
rb_tim_pwmDriverRenR1X.obj;rb_ca_CoreAssets\rb_mcd_McDrivers\rb_tim_TimerServices\rb_tim_TimerServicesRenR1X;760;0;0;0;0
rb_wdm_WatchDogMgt.obj;rb_ca_CoreAssets\rb_cd_ComplexDrivers\rb_wdm_WatchDogMgt;5382;0;0;68;0
rb_wim_WarningIndicatorMgt.obj;rb_ca_CoreAssets\rb_cd_ComplexDrivers\rb_wim_WarningIndicatorMgt;550;0;0;11;0
rb_wim_WarningIndicatorMgt_Cfg.obj;rb_cfg_Config\rb_cfgi_ConfigImplementation\rb_cfis_ConfigImplSystemSW;64;0;0;16;0
rb_wima_CustAirbagLampLogical.obj;rb_cl_CustLib\rb_cd_CustComplexDrivers\rb_wim_CustWarningIndicatorMgt;1244;0;0;21;0
rb_wimi_PAOx_Cfg.obj;rb_cfg_Config\rb_cfgi_ConfigImplementation\rb_cfis_ConfigImplSystemSW;10;0;0;0;0
rb_wimi_SysWI_Cfg.obj;rb_cfg_Config\rb_cfgi_ConfigImplementation\rb_cfis_ConfigImplSystemSW;4;0;0;0;0
rb_wimp_CustPassengerLampLogical.obj;rb_cl_CustLib\rb_cd_CustComplexDrivers\rb_wim_CustWarningIndicatorMgt;808;0;0;25;0
rba_BCL_Blkc_Aes128v21.obj;rb_ca_CoreAssets\rb_cry_CryptoStack\rba_BCL\src;1994;0;0;0;0
rba_BCL_Blkc_Aes256v21.obj;rb_ca_CoreAssets\rb_cry_CryptoStack\rba_BCL\src;2210;0;0;0;0
rba_BCL_Blkc_calblkc.obj;rb_ca_CoreAssets\rb_cry_CryptoStack\rba_BCL\src;114;0;0;0;0
rba_BCL_Core_cal.obj;rb_ca_CoreAssets\rb_cry_CryptoStack\rba_BCL\src;28;0;0;0;0
rba_BCL_Dh_Curve25519v00.obj;rb_ca_CoreAssets\rb_cry_CryptoStack\rba_BCL\src;10492;0;0;0;0
rba_BCL_Dh_caldh.obj;rb_ca_CoreAssets\rb_cry_CryptoStack\rba_BCL\src;166;0;0;0;0
rba_BCL_Drbg_Sp800d90HashCalv00.obj;rb_ca_CoreAssets\rb_cry_CryptoStack\rba_BCL\src;1586;0;0;0;0
rba_BCL_Drbg_Sp800d90HashCalv01.obj;rb_ca_CoreAssets\rb_cry_CryptoStack\rba_BCL\src;1750;0;0;0;0
rba_BCL_Drbg_caldrbg.obj;rb_ca_CoreAssets\rb_cry_CryptoStack\rba_BCL\src;72;0;0;0;0
rba_BCL_Hash_B1024L128.obj;rb_ca_CoreAssets\rb_cry_CryptoStack\rba_BCL\src;984;0;0;0;0
rba_BCL_Hash_B512L64.obj;rb_ca_CoreAssets\rb_cry_CryptoStack\rba_BCL\src;690;0;0;0;0
rba_BCL_Hash_Ripemd160v20.obj;rb_ca_CoreAssets\rb_cry_CryptoStack\rba_BCL\src;662;0;0;0;0
rba_BCL_Hash_ShaOne160v21.obj;rb_ca_CoreAssets\rb_cry_CryptoStack\rba_BCL\src;446;0;0;0;0
rba_BCL_Hash_ShaTwo2xxv21.obj;rb_ca_CoreAssets\rb_cry_CryptoStack\rba_BCL\src;816;0;0;0;0
rba_BCL_Hash_ShaTwo5xxv21.obj;rb_ca_CoreAssets\rb_cry_CryptoStack\rba_BCL\src;1884;0;0;0;0
rba_BCL_Hash_calhash.obj;rb_ca_CoreAssets\rb_cry_CryptoStack\rba_BCL\src;104;0;0;0;0
rba_BCL_Mac_CbcmacCal.obj;rb_ca_CoreAssets\rb_cry_CryptoStack\rba_BCL\src;186;0;0;0;0
rba_BCL_Mac_CmacCalv00.obj;rb_ca_CoreAssets\rb_cry_CryptoStack\rba_BCL\src;530;0;0;0;0
rba_BCL_Mac_calmac.obj;rb_ca_CoreAssets\rb_cry_CryptoStack\rba_BCL\src;24;0;0;0;0
rba_BCL_Nae_CbcCalv00.obj;rb_ca_CoreAssets\rb_cry_CryptoStack\rba_BCL\src;814;0;0;0;0
rba_BCL_Nae_EcbCalv00.obj;rb_ca_CoreAssets\rb_cry_CryptoStack\rba_BCL\src;700;0;0;0;0
rba_BCL_Nae_calnae.obj;rb_ca_CoreAssets\rb_cry_CryptoStack\rba_BCL\src;136;0;0;0;0
rba_BCL_Nae_padding.obj;rb_ca_CoreAssets\rb_cry_CryptoStack\rba_BCL\src;126;0;0;0;0
rba_BCL_Pkc_EdCurves.obj;rb_ca_CoreAssets\rb_cry_CryptoStack\rba_BCL\src;272;0;0;128;0
rba_BCL_Pkc_EdDsa_Priv.obj;rb_ca_CoreAssets\rb_cry_CryptoStack\rba_BCL\src;1708;0;0;0;0
rba_BCL_Pkc_EdDsa_Pub.obj;rb_ca_CoreAssets\rb_cry_CryptoStack\rba_BCL\src;1642;0;0;0;0
rba_BCL_Pkc_EdPMultv00001.obj;rb_ca_CoreAssets\rb_cry_CryptoStack\rba_BCL\src;466;0;0;0;0
rba_BCL_Pkc_EdPtArith.obj;rb_ca_CoreAssets\rb_cry_CryptoStack\rba_BCL\src;2766;0;0;0;0
rba_BCL_Pkc_GigaEXPv1101.obj;rb_ca_CoreAssets\rb_cry_CryptoStack\rba_BCL\src;950;0;0;0;0
rba_BCL_Pkc_Mgf1Cal.obj;rb_ca_CoreAssets\rb_cry_CryptoStack\rba_BCL\src;128;0;0;0;0
rba_BCL_Pkc_MontyMULv01.obj;rb_ca_CoreAssets\rb_cry_CryptoStack\rba_BCL\src;616;0;0;0;0
rba_BCL_Pkc_MontyMULv0x.obj;rb_ca_CoreAssets\rb_cry_CryptoStack\rba_BCL\src;100;0;0;0;0
rba_BCL_Pkc_Rsa_Priv.obj;rb_ca_CoreAssets\rb_cry_CryptoStack\rba_BCL\src;194;0;0;0;0
rba_BCL_Pkc_Rsa_Pub.obj;rb_ca_CoreAssets\rb_cry_CryptoStack\rba_BCL\src;390;0;0;0;0
rba_BCL_Pkc_mpi0.obj;rb_ca_CoreAssets\rb_cry_CryptoStack\rba_BCL\src;758;0;0;0;0
rba_BCL_Pkc_mpi1.obj;rb_ca_CoreAssets\rb_cry_CryptoStack\rba_BCL\src;818;0;0;0;0
rba_BCL_Pkc_mpi2.obj;rb_ca_CoreAssets\rb_cry_CryptoStack\rba_BCL\src;30;0;0;0;0
rba_BCL_Pkc_mpi3.obj;rb_ca_CoreAssets\rb_cry_CryptoStack\rba_BCL\src;1072;0;0;0;0
rba_BCL_Sig_EdDsaCalv00.obj;rb_ca_CoreAssets\rb_cry_CryptoStack\rba_BCL\src;152;0;0;0;0
rba_BCL_Sig_EdDsaCalv00_gen.obj;rb_ca_CoreAssets\rb_cry_CryptoStack\rba_BCL\src;404;0;0;0;0
rba_BCL_Sig_EdDsaCalv00_ver.obj;rb_ca_CoreAssets\rb_cry_CryptoStack\rba_BCL\src;380;0;0;0;0
rba_BCL_Sig_Pkcs1v1d5Calv00.obj;rb_ca_CoreAssets\rb_cry_CryptoStack\rba_BCL\src;160;0;0;0;0
rba_BCL_Sig_Pkcs1v1d5Calv00_gen.obj;rb_ca_CoreAssets\rb_cry_CryptoStack\rba_BCL\src;762;0;0;0;0
rba_BCL_Sig_Pkcs1v1d5Calv00_ver.obj;rb_ca_CoreAssets\rb_cry_CryptoStack\rba_BCL\src;804;0;0;0;0
rba_BCL_Sig_PssMgf1Calv00.obj;rb_ca_CoreAssets\rb_cry_CryptoStack\rba_BCL\src;80;0;0;0;0
rba_BCL_Sig_PssMgf1Calv00_gen.obj;rb_ca_CoreAssets\rb_cry_CryptoStack\rba_BCL\src;1206;0;0;0;0
rba_BCL_Sig_PssMgf1Calv00_ver.obj;rb_ca_CoreAssets\rb_cry_CryptoStack\rba_BCL\src;1002;0;0;0;0
rba_BCL_Sig_calsig_gen.obj;rb_ca_CoreAssets\rb_cry_CryptoStack\rba_BCL\src;88;0;0;0;0
rba_BCL_Sig_calsig_ver.obj;rb_ca_CoreAssets\rb_cry_CryptoStack\rba_BCL\src;264;0;0;0;0
rba_BswSrv_MemCopy.obj;rb_ca_CoreAssets\rb_sys_SystemServices\rba_BswSrv\src;96;0;0;0;0
rba_BswSrv_MemSet.obj;rb_ca_CoreAssets\rb_sys_SystemServices\rba_BswSrv\src;96;0;0;0;0
rba_Can.obj;rb_ca_CoreAssets\rb_mcd_McDrivers\rba_CanRscan\src;2438;0;0;76;0
rba_CryptoBCL.obj;rb_cfg_Config\rb_cfga_ConfigAutosar\rb_cfga_AutosarRom;202;0;0;4;0
rba_CryptoBCL_CancelJob.obj;rb_cfg_Config\rb_cfga_ConfigAutosar\rb_cfga_AutosarRom;100;0;0;0;0
rba_CryptoBCL_Cfg.obj;rb_cfg_Config\rb_cfga_ConfigAutosar\rb_cfga_AutosarRom;48;0;0;32;0
rba_CryptoBCL_KeyElementSet.obj;rb_cfg_Config\rb_cfga_ConfigAutosar\rb_cfga_AutosarRom;156;0;0;0;0
rba_CryptoBCL_ProcessJob.obj;rb_cfg_Config\rb_cfga_ConfigAutosar\rb_cfga_AutosarRom;340;0;0;0;0
rba_CryptoBCL_Prv.obj;rb_cfg_Config\rb_cfga_ConfigAutosar\rb_cfga_AutosarRom;232;0;0;248;0
rba_CryptoBCL_Prv_Hash.obj;rb_cfg_Config\rb_cfga_ConfigAutosar\rb_cfga_AutosarRom;388;0;0;0;0
rba_CryptoBCL_Prv_KeyExchange.obj;rb_cfg_Config\rb_cfga_ConfigAutosar\rb_cfga_AutosarRom;1038;0;0;352;0
rba_DemBfm.obj;rb_ca_CoreAssets\rb_sys_SystemServices\rba_DemBfm\src;888;0;0;60;0
rba_DemBfm_Buffer.obj;rb_ca_CoreAssets\rb_sys_SystemServices\rba_DemBfm\src;318;0;0;0;0
rba_DemBfm_Cfg_Nvm.obj;rb_cfg_Config\rb_cfga_ConfigAutosar\rb_cfga_AutosarRom;336;0;0;0;0
rba_DemBfm_Counter.obj;rb_ca_CoreAssets\rb_sys_SystemServices\rba_DemBfm\src;52;0;0;8;0
rba_DemBfm_Event.obj;rb_ca_CoreAssets\rb_sys_SystemServices\rba_DemBfm\src;62;0;0;0;0
rba_DemBfm_Nvm.obj;rb_ca_CoreAssets\rb_sys_SystemServices\rba_DemBfm\src;348;0;0;0;0
rba_DemBfm_PBCfg.obj;rb_cfg_Config\rb_cfga_ConfigAutosar\rb_cfga_AutosarRom;24;0;0;8;0
rba_DemBfm_Record.obj;rb_ca_CoreAssets\rb_sys_SystemServices\rba_DemBfm\src;2018;0;0;862;0
rba_DemIndiLitePS.obj;rb_ca_CoreAssets\rb_sys_SystemServices\rba_DemIndicatorLitePS\src;36;0;0;78;0
rba_EaFs1.obj;rb_ca_CoreAssets\rb_mems_MemoryStack\rba_EaFs1\src;3392;0;0;211;0
rba_EaFs1_BlockMaintenance.obj;rb_ca_CoreAssets\rb_mems_MemoryStack\rba_EaFs1\src;424;0;0;20;0
rba_EaFs1_Det.obj;rb_ca_CoreAssets\rb_mems_MemoryStack\rba_EaFs1\src;54;0;0;0;0
rba_EaFs1_Init.obj;rb_ca_CoreAssets\rb_mems_MemoryStack\rba_EaFs1\src;138;0;0;4;0
rba_EaFs1_InvalidateBlock.obj;rb_ca_CoreAssets\rb_mems_MemoryStack\rba_EaFs1\src;750;0;0;6;0
rba_EaFs1_Migration.obj;rb_ca_CoreAssets\rb_mems_MemoryStack\rba_EaFs1\src;2048;0;0;479;0
rba_EaFs1_MigrationInit.obj;rb_ca_CoreAssets\rb_mems_MemoryStack\rba_EaFs1\src;1918;0;0;2001;0
rba_EaFs1_Read.obj;rb_ca_CoreAssets\rb_mems_MemoryStack\rba_EaFs1\src;446;0;0;0;0
rba_EaFs1_Srv.obj;rb_ca_CoreAssets\rb_mems_MemoryStack\rba_EaFs1\src;3356;0;0;126;0
rba_EaFs1_Write.obj;rb_ca_CoreAssets\rb_mems_MemoryStack\rba_EaFs1\src;754;0;0;0;0
rba_FeeFs1_BlockMaintenance.obj;rb_ca_CoreAssets\rb_mems_MemoryStack\rba_FeeFs1\src;64;0;0;0;0
rba_FeeFs1_Cbk.obj;rb_ca_CoreAssets\rb_mems_MemoryStack\rba_FeeFs1\src;904;0;0;0;0
rba_FeeFs1_Det.obj;rb_ca_CoreAssets\rb_mems_MemoryStack\rba_FeeFs1\src;130;0;0;0;0
rba_FeeFs1_GetJobResult.obj;rb_ca_CoreAssets\rb_mems_MemoryStack\rba_FeeFs1\src;16;0;0;0;0
rba_FeeFs1_GetStatus.obj;rb_ca_CoreAssets\rb_mems_MemoryStack\rba_FeeFs1\src;64;0;0;0;0
rba_FeeFs1_HlMaintainBlock.obj;rb_ca_CoreAssets\rb_mems_MemoryStack\rba_FeeFs1\src;702;0;0;29;0
rba_FeeFs1_HlOrderHandling.obj;rb_ca_CoreAssets\rb_mems_MemoryStack\rba_FeeFs1\src;152;0;0;0;0
rba_FeeFs1_HlReadBlock.obj;rb_ca_CoreAssets\rb_mems_MemoryStack\rba_FeeFs1\src;314;0;0;5;0
rba_FeeFs1_HlWriteBlock.obj;rb_ca_CoreAssets\rb_mems_MemoryStack\rba_FeeFs1\src;884;0;0;15;0
rba_FeeFs1_Init.obj;rb_ca_CoreAssets\rb_mems_MemoryStack\rba_FeeFs1\src;446;0;0;2205;0
rba_FeeFs1_InvalidateBlock.obj;rb_ca_CoreAssets\rb_mems_MemoryStack\rba_FeeFs1\src;60;0;0;0;0
rba_FeeFs1_LlBlockHandling.obj;rb_ca_CoreAssets\rb_mems_MemoryStack\rba_FeeFs1\src;5454;0;0;33;0
rba_FeeFs1_LlDetectSector.obj;rb_ca_CoreAssets\rb_mems_MemoryStack\rba_FeeFs1\src;2310;0;0;24;0
rba_FeeFs1_LlErase.obj;rb_ca_CoreAssets\rb_mems_MemoryStack\rba_FeeFs1\src;488;0;0;0;0
rba_FeeFs1_LlMarker.obj;rb_ca_CoreAssets\rb_mems_MemoryStack\rba_FeeFs1\src;508;0;0;4;0
rba_FeeFs1_LlSearchBlk.obj;rb_ca_CoreAssets\rb_mems_MemoryStack\rba_FeeFs1\src;2974;0;0;40;0
rba_FeeFs1_LlSectorHandling.obj;rb_ca_CoreAssets\rb_mems_MemoryStack\rba_FeeFs1\src;1438;0;0;40;0
rba_FeeFs1_LlWriteBlock.obj;rb_ca_CoreAssets\rb_mems_MemoryStack\rba_FeeFs1\src;1736;0;0;8;0
rba_FeeFs1_MainFunction.obj;rb_ca_CoreAssets\rb_mems_MemoryStack\rba_FeeFs1\src;894;0;0;2;0
rba_FeeFs1_Read.obj;rb_ca_CoreAssets\rb_mems_MemoryStack\rba_FeeFs1\src;122;0;0;0;0
rba_FeeFs1_Srv.obj;rb_ca_CoreAssets\rb_mems_MemoryStack\rba_FeeFs1\src;144;0;0;0;0
rba_FeeFs1_Write.obj;rb_ca_CoreAssets\rb_mems_MemoryStack\rba_FeeFs1\src;80;0;0;0;0
rba_FlsV850R1x_BlankChk.obj;rb_ca_CoreAssets\rb_mcd_McDrivers\rba_FlsV850R1x\src;178;0;0;0;0
rba_FlsV850R1x_Compare.obj;rb_ca_CoreAssets\rb_mcd_McDrivers\rba_FlsV850R1x\src;184;0;0;0;0
rba_FlsV850R1x_Erase.obj;rb_ca_CoreAssets\rb_mcd_McDrivers\rba_FlsV850R1x\src;356;0;0;4;0
rba_FlsV850R1x_FAL_HW_Access.obj;rb_ca_CoreAssets\rb_mcd_McDrivers\rba_FlsV850R1x\src;1326;0;0;256;0
rba_FlsV850R1x_FAL_User.obj;rb_ca_CoreAssets\rb_mcd_McDrivers\rba_FlsV850R1x\src;50;0;0;4;0
rba_FlsV850R1x_FAL_UserIF.obj;rb_ca_CoreAssets\rb_mcd_McDrivers\rba_FlsV850R1x\src;216;0;0;40;0
rba_FlsV850R1x_Init.obj;rb_ca_CoreAssets\rb_mcd_McDrivers\rba_FlsV850R1x\src;64;0;0;21;0
rba_FlsV850R1x_Prog.obj;rb_ca_CoreAssets\rb_mcd_McDrivers\rba_FlsV850R1x\src;612;0;0;24;0
rba_FlsV850R1x_Read.obj;rb_ca_CoreAssets\rb_mcd_McDrivers\rba_FlsV850R1x\src;146;0;0;0;0
st_module_1.obj;rb_ca_CoreAssets\rb_mcd_McDrivers\rb_sft_SafetySoftware\rb_sfcs_CoreSelfTestRenR1X\SW_CST_SourcesOfRenesas;1460;0;0;0;0
st_module_10.obj;rb_ca_CoreAssets\rb_mcd_McDrivers\rb_sft_SafetySoftware\rb_sfcs_CoreSelfTestRenR1X\SW_CST_SourcesOfRenesas;1280;0;0;0;0
st_module_11.obj;rb_ca_CoreAssets\rb_mcd_McDrivers\rb_sft_SafetySoftware\rb_sfcs_CoreSelfTestRenR1X\SW_CST_SourcesOfRenesas;1280;0;0;0;0
st_module_12.obj;rb_ca_CoreAssets\rb_mcd_McDrivers\rb_sft_SafetySoftware\rb_sfcs_CoreSelfTestRenR1X\SW_CST_SourcesOfRenesas;612;0;0;0;0
st_module_13.obj;rb_ca_CoreAssets\rb_mcd_McDrivers\rb_sft_SafetySoftware\rb_sfcs_CoreSelfTestRenR1X\SW_CST_SourcesOfRenesas;452;0;0;0;0
st_module_14.obj;rb_ca_CoreAssets\rb_mcd_McDrivers\rb_sft_SafetySoftware\rb_sfcs_CoreSelfTestRenR1X\SW_CST_SourcesOfRenesas;1538;0;0;0;0
st_module_15.obj;rb_ca_CoreAssets\rb_mcd_McDrivers\rb_sft_SafetySoftware\rb_sfcs_CoreSelfTestRenR1X\SW_CST_SourcesOfRenesas;2354;0;0;0;0
st_module_16.obj;rb_ca_CoreAssets\rb_mcd_McDrivers\rb_sft_SafetySoftware\rb_sfcs_CoreSelfTestRenR1X\SW_CST_SourcesOfRenesas;3336;0;0;0;0
st_module_17.obj;rb_ca_CoreAssets\rb_mcd_McDrivers\rb_sft_SafetySoftware\rb_sfcs_CoreSelfTestRenR1X\SW_CST_SourcesOfRenesas;708;0;0;0;0
st_module_18.obj;rb_ca_CoreAssets\rb_mcd_McDrivers\rb_sft_SafetySoftware\rb_sfcs_CoreSelfTestRenR1X\SW_CST_SourcesOfRenesas;348;0;0;0;0
st_module_19.obj;rb_ca_CoreAssets\rb_mcd_McDrivers\rb_sft_SafetySoftware\rb_sfcs_CoreSelfTestRenR1X\SW_CST_SourcesOfRenesas;1102;0;0;0;0
st_module_2.obj;rb_ca_CoreAssets\rb_mcd_McDrivers\rb_sft_SafetySoftware\rb_sfcs_CoreSelfTestRenR1X\SW_CST_SourcesOfRenesas;1248;0;0;0;0
st_module_20.obj;rb_ca_CoreAssets\rb_mcd_McDrivers\rb_sft_SafetySoftware\rb_sfcs_CoreSelfTestRenR1X\SW_CST_SourcesOfRenesas;454;0;0;0;0
st_module_21.obj;rb_ca_CoreAssets\rb_mcd_McDrivers\rb_sft_SafetySoftware\rb_sfcs_CoreSelfTestRenR1X\SW_CST_SourcesOfRenesas;666;0;0;0;0
st_module_3.obj;rb_ca_CoreAssets\rb_mcd_McDrivers\rb_sft_SafetySoftware\rb_sfcs_CoreSelfTestRenR1X\SW_CST_SourcesOfRenesas;842;0;0;0;0
st_module_4.obj;rb_ca_CoreAssets\rb_mcd_McDrivers\rb_sft_SafetySoftware\rb_sfcs_CoreSelfTestRenR1X\SW_CST_SourcesOfRenesas;1288;0;0;0;0
st_module_5.obj;rb_ca_CoreAssets\rb_mcd_McDrivers\rb_sft_SafetySoftware\rb_sfcs_CoreSelfTestRenR1X\SW_CST_SourcesOfRenesas;356;0;0;0;0
st_module_6.obj;rb_ca_CoreAssets\rb_mcd_McDrivers\rb_sft_SafetySoftware\rb_sfcs_CoreSelfTestRenR1X\SW_CST_SourcesOfRenesas;1700;0;0;0;0
st_module_7.obj;rb_ca_CoreAssets\rb_mcd_McDrivers\rb_sft_SafetySoftware\rb_sfcs_CoreSelfTestRenR1X\SW_CST_SourcesOfRenesas;412;0;0;0;0
st_module_8.obj;rb_ca_CoreAssets\rb_mcd_McDrivers\rb_sft_SafetySoftware\rb_sfcs_CoreSelfTestRenR1X\SW_CST_SourcesOfRenesas;324;0;0;0;0
st_module_9.obj;rb_ca_CoreAssets\rb_mcd_McDrivers\rb_sft_SafetySoftware\rb_sfcs_CoreSelfTestRenR1X\SW_CST_SourcesOfRenesas;1602;0;0;0;0
st_module_lookup_add.obj;rb_ca_CoreAssets\rb_mcd_McDrivers\rb_sft_SafetySoftware\rb_sfcs_CoreSelfTestRenR1X\SW_CST_SourcesOfRenesas;2808;0;0;0;0
st_module_lookup_div.obj;rb_ca_CoreAssets\rb_mcd_McDrivers\rb_sft_SafetySoftware\rb_sfcs_CoreSelfTestRenR1X\SW_CST_SourcesOfRenesas;816;0;0;0;0
st_module_lookup_mul.obj;rb_ca_CoreAssets\rb_mcd_McDrivers\rb_sft_SafetySoftware\rb_sfcs_CoreSelfTestRenR1X\SW_CST_SourcesOfRenesas;2808;0;0;0;0
st_stack.obj;rb_ca_CoreAssets\rb_mcd_McDrivers\rb_sft_SafetySoftware\rb_sfcs_CoreSelfTestRenR1X\SW_CST_SourcesOfRenesas;148;0;0;0;0
sw_g3k_interrupt.obj;rb_ca_CoreAssets\rb_mcd_McDrivers\rb_sft_SafetySoftware\rb_sfcs_CoreSelfTestRenR1X\SW_CST_SourcesOfRenesas;136;0;0;0;0
RESERVED; n/a (see projectconfig.ini);0;0;0;0;0
REST (diff between units and sections);n/a;5798;4;0;402;0
SUM;n/a;575732;36;0;41452;11488
